Name,CommandPoints,Quality,FrontArmor,SideArmor,RearArmor,TopArmor,WeaponOne name,WeaponOne ammunition,WeaponOne type,WeaponOne penetration,WeaponOne he,WeaponOne suppress,WeaponOne ground,WeaponOne helicopter,WeaponOne aircraft,WeaponOne static,WeaponOne motion,WeaponOne rateOfFire,WeaponOne aiming,WeaponOne reload,WeaponOne salvoLength,WeaponOne supplyCost,WeaponTwo name,WeaponTwo ammunition,WeaponTwo type,WeaponTwo penetration,WeaponTwo he,WeaponTwo suppress,WeaponTwo ground,WeaponTwo helicopter,WeaponTwo aircraft,WeaponTwo static,WeaponTwo motion,WeaponTwo rateOfFire,WeaponTwo aiming,WeaponTwo reload,WeaponTwo salvoLength,WeaponTwo supplyCost,WeaponThree name,WeaponThree ammunition,WeaponThree type,WeaponThree penetration,WeaponThree he,WeaponThree suppress,WeaponThree ground,WeaponThree helicopter,WeaponThree aircraft,WeaponThree static,WeaponThree motion,WeaponThree rateOfFire,WeaponThree aiming,WeaponThree reload,WeaponThree salvoLength,WeaponThree supplyCost,Strength,Optics,Stealth,RevealInfluence,MaxDmg,AirOptics,Ecm,Agility,Trajectory,Speed,Autonomy,Fuel,RoadSpeed,Transport
(*) BTR-50PU,100,POOR,2,1,1,1,,,,,,,,,,,,,,,,,,,,,,,,,,,,,,,,,,,,,,,,,,,,,,,,,,Normal,Bad,No,10,,,,,41 km/h,4 km,375L,79 km/h,
(*) BMP-1K SP2,160,EXCELLENT,3,1,1,1,2A28,73mm x 40,TANK GUN,14,1,48,1590 m,,,35%,5%,10,3s,6s,1,140,Malyutka P,SACLOS x 4,GROUND-TO-GROUND MISSILE,17,1,1,2650 m,,,45%,,12,1s,5s,1,170,PKT,"7,62mm x 1960",MEDIUM MACHINE GUN,,0.28,6,885 m,530m,,35%,19%,1000,08s,3s,7,7,,Normal,Bad,No,10,,,,,54 km/h,6 km,375L,79 km/h,
(*) BMP-1K3,160,EXCELLENT,3,1,1,1,2A28,73mm x 40,TANK GUN,14,1,48,1590 m,,,35%,5%,10,3s,6s,1,140,Malyutka P,SACLOS x 4,GROUND-TO-GROUND MISSILE,17,1,1,2650 m,,,45%,,12,1s,5s,1,170,PKT,"7,62mm x 1960",MEDIUM MACHINE GUN,,0.28,6,885 m,530m,,35%,19%,1000,08s,3s,7,7,,Normal,Bad,No,10,,,,,54 km/h,7 km,450 L,79 km/h,
(*) BRDM-2U,100,POOR,1,1,1,1,,,,,,,,,,,,,,,,,,,,,,,,,,,,,,,,,,,,,,,,,,,,,,,,,,Normal,Bad,No,10,,,,,90 km/h,15 km,300L,108 km/h,
(*) BTR-60PBK,130,GOOD,2,1,1,1,KPVT,"14,5mm x 525",HEAVY MACHINE GUN,,4,20,1415 m,1765 m,,76%,40%,750,1s,2s,5,20,PKT,"7,62mm x 2800",MEDIUM MACHINE GUN,,0.28,6,885 m,530m,,35%,19%,1000,08s,3s,7,7,,,,,,,,,,,,,,,,,,Normal,Bad,Yes,10,,,,,72 km/h,8 km,350L,108 km/h,
(*) ENGINEERS LDR.,110,POOR,0,0,0,0,M16A2 x5,"5,56mm x 1000",ASSAULT RIFLE,,0.5,25,885 m,530 m,,30%,14%,200,1s,3s,1,10,,,,,,,,,,,,,,,,,,,,,,,,,,,,,,,,,5,Normal,Good,No,,,,,,,,,,
ENGINEERS,45,EXCELLENT,0,0,0,0,M16A2 x9,"5,56mm x 1800",ASSAULT RIFLE,,0.9,45,885 m,530 m,,30%,14%,200,1s,3s,1,10,M60,"7,62mm x 800",MEDIUM MACHINE GUN,,0.28,6,885 m,530m,,60%,5%,300,1s,2s,1,10,Satchel Charge,Demolition charges x 5,GRENADE,4,4,200,175 m,,,39%,19%,15,,4s,1,10,10,Normal,Good,No,,,,,,,,,,
ENGINEERS (FLASH),25,POOR,0,0,0,0,M16A2 x5,"5,56mm x 1000",ASSAULT RIFLE,,0.5,25,885 m,530 m,,30%,14%,200,1s,3s,1,10,M202 FLASH,66mm x 4,INCENDIARY ROCKET LAUNCH.,,1.68,92,530m,,,39%,,8,25s,75s,1,140,,,,,,,,,,,,,,,,,5,Normal,Good,No,,,,,,,,,,
ENGINEERS (DRAGON),40,MEDIOCRE,0,0,0,0,M16A2 x10,"5,56mm x 2000",ASSAULT RIFLE,,1,50,885 m,530 m,,30%,14%,200,1s,3s,1,10,M47 Dragon Il,SACLOS x 6,GROUND-TO-GROUND MISSILE,16,1,1,1590 m,,,50%,,12,1s,5s,1,160,,,,,,,,,,,,,,,,,10,Normal,Good,No,,,,,,,,,,
(*) ILTIS FUHRUNGS,100,POOR,<1,<1,<1,<1,,,,,,,,,,,,,,,,,,,,,,,,,,,,,,,,,,,,,,,,,,,,,,,,,,Normal,Bad,Yes,5,,,,,99 km/h,15 km,85L,108 km/h,
(*) FUCHS FU.FU.,110,POOR,1,1,1,1,MG3,7.62mm x 1050,MEDIUM MACHINE GUN,,0.28,6,885 m,530 m,,52%,30%,1000,08s,3s,7,7,,,,,,,,,,,,,,,,,,,,,,,,,,,,,,,,,,Normal,Bad,No,10,,,,,90 km/h,16 km,300L,108 km/h,
(*) JAGER FUH.,125,MEDIOCRE,0,0,0,0,G3A4 x4,"7,62mm x 800",ASSAULT RIFLE,,0.48,24,885 m,530 m,,39%,10%,200,1s,3s,1,10,CARL GUSTAV M2,66mm HEAT x 4,ANTI-TANK ROCKET LAUNCH.,16,1,1,885 m,,,60%,,10,1s,6s,1,160,,,,,,,,,,,,,,,,,4,Normal,Good,No,,,,,,,,,,
JAGER,50,GOOD,0,0,0,0,G3A4 x10,"7,62mm x 2000",ASSAULT RIFLE,,1.2,60,885 m,530 m,,39%,10%,200,1s,3s,1,10,MG3,"7,62mm x 1800",MEDIUM MACHINE GUN,,0.28,6,885 m,530m,,70%,5%,1200,1s,1s,1,10,PANZERFAUST 44,66mm HEAT x 6,ANTI-TANK ROCKET LAUNCH.,14,1,1,705 m,,,55%,,10,1s,6s,1,140,11,Normal,Good,No,,,,,,,,,,
(*) KPz. T-55A FUH.,145,POOR,7,3,2,2,D-10T,100mm x 43,TANK GUN,14,1.2,66,1945 m,,,30%,10%,10,3s,6s,1,250,NSVT,"12,7mm x 350",HEAVY MACHINE GUN,,0.3,15,1415 m,1765 m,,76%,40%,750,1s,2s,5,20,PKT,"7,62mm x 1050",MEDIUM MACHINE GUN,,0.28,6,885 m,530m,,35%,19%,1000,08s,3s,7,7,,Normal,Bad,No,10,,,,,45 km/h,5 km,1500 L,79 km/h,
KPz. T-55A,45,POOR,7,3,2,2,D-10T,100mm x 43,TANK GUN,14,1.2,66,1945 m,,,30%,10%,10,3s,6s,1,250,NSVT,"12,7mm x 350",HEAVY MACHINE GUN,,0.3,15,1415 m,1765 m,,76%,40%,750,1s,2s,5,20,PKT,"7,62mm x 1050",MEDIUM MACHINE GUN,,0.28,6,885 m,530m,,35%,19%,1000,08s,3s,7,7,,Bad,Bad,No,10,,,,,45 km/h,4 km,1350 L,79 km/h,
(*) KPz. T-55AM2 FUH.,170,POOR,10,5,2,2,D-10T,100mm x 43,TANK GUN,14,1.2,66,2120 m,,,50%,14%,10,3s,6s,1,260,NSVT,"12,7mm x 350",HEAVY MACHINE GUN,,0.3,15,1415 m,1765 m,,76%,40%,750,1s,2s,5,20,PKT,"7,62mm x 1050",MEDIUM MACHINE GUN,,0.28,6,885 m,530m,,35%,19%,1000,08s,3s,7,7,,Normal,Bad,No,10,,,,,45 km/h,5 km,1500 L,79 km/h,
KPz. T-55AM2,70,POOR,10,5,2,2,D-10T,100mm x 43,TANK GUN,14,1.2,66,2120 m,,,50%,14%,10,3s,6s,1,260,NSVT,"12,7mm x 350",HEAVY MACHINE GUN,,0.3,15,1415 m,1765 m,,76%,40%,750,1s,2s,5,20,PKT,"7,62mm x 1050",MEDIUM MACHINE GUN,,0.28,6,885 m,530m,,35%,19%,1000,08s,3s,7,7,,Normal,Bad,No,10,,,,,45 km/h,4 km,1350 L,79 km/h,
KPz. T-55AM2B,80,POOR,10,5,2,2,D-10T,100mm x 43,TANK GUN,14,1.2,66,2120 m,,,50%,14%,10,3s,6s,1,260,SM117,SACLOS x 6,GROUND-TO-GROUND MISSILE,18,1,1,2827 m,,,40%,,12,1s,5s,1,180,NSVT,"12, 7mm x 525",HEAVY MACHINE GUN,,0.3,15,1415 m,1765 m,,76%,40%,750,1s,2s,5,20,,Normal,Bad,No,10,,,,,45 km/h,4 km,1350 L,79 km/h,
(*) KPz. T-72GM FUH.,260,MEDIOCRE,12,7,3,2,2A26,125mm x 39,TANK GUN,18,1.5,83,2295 m,,,50%,35%,10,3s,6s,1,310,NSVT,"12,7mm x 350",HEAVY MACHINE GUN,,0.3,15,1415 m,1765 m,,76%,40%,750,1s,2s,5,20,PKT,"7,62mm x 3150",MEDIUM MACHINE GUN,,0.28,6,885 m,530m,,35%,19%,1000,08s,3s,7,7,,Normal,Bad,No,10,,,,,54 km/h,8 km,1600 L,79 km/h,
KPz. T-72GM,160,MEDIOCRE,12,7,3,2,2A26,125mm x 39,TANK GUN,18,1.5,83,2295 m,,,50%,35%,10,3s,6s,1,310,NSVT,"12,7mm x 350",HEAVY MACHINE GUN,,0.3,15,1415 m,1765 m,,76%,40%,750,1s,2s,5,20,PKT,"7,62mm x 3150",MEDIUM MACHINE GUN,,0.28,6,885 m,530m,,35%,19%,1000,08s,3s,7,7,,Normal,Bad,No,10,,,,,54 km/h,8 km,1600 L,79 km/h,
KPz. T-72GM1,185,GOOD,14,7,3,3,2A26,125mm x 39,TANK GUN,18,1.5,83,2295 m,,,50%,35%,10,3s,6s,1,310,NSVT,"12,7mm x 350",HEAVY MACHINE GUN,,0.3,15,1415 m,1765 m,,76%,40%,750,1s,2s,5,20,PKT,"7,62mm x 3150",MEDIUM MACHINE GUN,,0.28,6,885 m,530m,,35%,19%,1000,08s,3s,7,7,,Normal,Bad,No,10,,,,,54 km/h,8 km,1600 L,79 km/h,
(*) LEDPARD 1A5 FUH.,180,POOR,7,3,2,2,L7A3,105mm x 55,TANK GUN,15,1.26,69,2295 m,,,65%,50%,10,3s,6s,1,280,MG3 x2,7.62mm x 5460,MEDIUM MACHINE GUN,,0.28,6,885 m,530m,,52%,30%,1000,08s,3s,7,7,,,,,,,,,,,,,,,,,,Normal,Bad,No,10,,,,,59 km/h,6 km,1500 L,79 km/h,
LEOPARD 1A5,80,MEDIOCRE,7,3,2,2,L7A3,105mm x 55,TANK GUN,15,1.26,69,2295 m,,,65%,50%,10,3s,6s,1,280,MG3 x2,7.62mm x 5460,MEDIUM MACHINE GUN,,0.28,6,885 m,530m,,52%,30%,1000,08s,3s,7,7,,,,,,,,,,,,,,,,,,Normal,Bad,No,10,,,,,59 km/h,6 km,1350 L,79 km/h,
(*) LEOPARD 2A3 FUH.,365,EXCELLENT,19,0,4,3,L44,120mm x 42,TANK GUN,19,1.44,79,2295 m,,,70%,65%,10,3s,6s,1,320,MG3 x2,7.62mm x 4760,MEDIUM MACHINE GUN,,0.28,6,885 m,530m,,52%,30%,1000,08s,3s,7,7,,,,,,,,,,,,,,,,,,Normal,Bad,No,10,,,,,63 km/h,7 km,1500 L,79 km/h,
LEOPARD 2A3,265,EXCELLENT,19,0,4,3,L44,120mm x 42,TANK GUN,19,1.44,79,2295 m,,,70%,65%,10,3s,6s,1,320,MG3 x2,7.62mm x 4760,MEDIUM MACHINE GUN,,0.28,6,885 m,530m,,52%,30%,1000,08s,3s,7,7,,,,,,,,,,,,,,,,,,Normal,Bad,No,10,,,,,63 km/h,6 km,1350 L,79 km/h,
(*) M1 ABRAMS CP,240,MEDIOCRE,15,6,3,3,MB8A1,105mm x 55,TANK GUN,17,1.26,69,2120 m,,,65%,50%,10,3s,6s,1,290,M2HB,"12,7mm x 980",HEAVY MACHINE GUN,,0.3,15,1415 m,1765 m,,76%,40%,750,1s,2s,5,20,M240 x2,"7,62mm x 10500",MEDIUM MACHINE GUN,,0.28,6,885 m,530m,,44%,6%,1000,08s,3s,7,7,,Normal,Bad,No,10,,,,,68 km/h,6 km,1900 L,79 km/h,
M1 ABRAMS,140,MEDIOCRE,15,6,3,3,MB8A1,105mm x 55,TANK GUN,17,1.26,69,2120 m,,,65%,50%,10,3s,6s,1,290,M2HB,"12,7mm x 980",HEAVY MACHINE GUN,,0.3,15,1415 m,1765 m,,76%,40%,750,1s,2s,5,20,M240 x2,"7,62mm x 10500",MEDIUM MACHINE GUN,,0.28,6,885 m,530m,,44%,6%,1000,08s,3s,7,7,,Normal,Bad,No,10,,,,,68 km/h,6 km,1900 L,79 km/h,
(*) M151 MUTT CP,100,POOR,<1,<1,<1,<1,,,,,,,,,,,,,,,,,,,,,,,,,,,,,,,,,,,,,,,,,,,,,,,,,,Normal,Bad,Yes,5,,,,,45 km/h,10 km,65L,108 km/h,
(*) M1A1 ABRAMS CP,335,GOOD,17,7,4,3,M256,120mm x 40,TANK GUN,19,1.44,79,2295 m,,,65%,60%,10,3s,6s,1,320,M2HB,"12,7mm x 980",HEAVY MACHINE GUN,,0.3,15,1415 m,1765 m,,76%,40%,750,1s,2s,5,20,M240 x2,"7,62mm x 10500",MEDIUM MACHINE GUN,,0.28,6,885 m,530m,,44%,6%,1000,08s,3s,7,7,,Normal,Bad,No,10,,,,,59 km/h,6 km,1900 L,79 km/h,
M1A1 ABRAMS,235,GOOD,17,7,4,3,M256,120mm x 40,TANK GUN,19,1.44,79,2295 m,,,65%,60%,10,3s,6s,1,320,M2HB,"12,7mm x 980",HEAVY MACHINE GUN,,0.3,15,1415 m,1765 m,,76%,40%,750,1s,2s,5,20,M240 x2,"7,62mm x 10500",MEDIUM MACHINE GUN,,0.28,6,885 m,530m,,44%,6%,1000,08s,3s,7,7,,Normal,Bad,No,10,,,,,59 km/h,6 km,1900 L,79 km/h,
(*) M577 CPC,100,POOR,2,2,1,1,,,,,,,,,,,,,,,,,,,,,,,,,,,,,,,,,,,,,,,,,,,,,,,,,,Normal,Bad,Yes,10,,,,,54 km/h,6 km,350L,79 km/h,
(*) MS577GA2,100,POOR,2,2,1,1,,,,,,,,,,,,,,,,,,,,,,,,,,,,,,,,,,,,,,,,,,,,,,,,,,Normal,Bad,No,10,,,,,59 km/h,6 km,375L,79 km/h,
(*) M60A3 (TTS),180,POOR,10,5,2,2,MB8A1,105mm x 63,TANK GUN,15,1.26,69,2120 m,,,60%,30%,10,3s,6s,1,270,M85,"12,7mm x 910",HEAVY MACHINE GUN,,0.3,15,1415 m,1765 m,,76%,40%,750,1s,2s,5,20,M240,"7,62mm x 5950",MEDIUM MACHINE GUN,,0.28,6,885 m,530m,,39%,6%,1000,08s,3s,7,7,,Normal,Bad,No,10,,,,,54 km/h,6 km,1450 L,79 km/h,
M60A3 (TTS),80,POOR,10,5,2,2,MB8A1,105mm x 63,TANK GUN,15,1.26,69,2120 m,,,60%,30%,10,3s,6s,1,270,M85,"12,7mm x 910",HEAVY MACHINE GUN,,0.3,15,1415 m,1765 m,,76%,40%,750,1s,2s,5,20,M240,"7,62mm x 5950",MEDIUM MACHINE GUN,,0.28,6,885 m,530m,,39%,6%,1000,08s,3s,7,7,,Normal,Bad,No,10,,,,,54 km/h,6 km,1450 L,79 km/h,
(*) MECH. RIFLES LDR.,145,GOOD,0,0,0,0,M16A2 x8,"5,56mm x 1600",ASSAULT RIFLE,,0.8,40,885 m,530 m,,30%,14%,200,1s,3s,1,10,M60,"7,62mm x 800",MEDIUM MACHINE GUN,,0.28,6,885 m,530m,,60%,5%,300,1s,2s,1,10,M72 LAW,66mm x 4,ANTI-TANK ROCKET LAUNCH.,13,1,1,705 m,,,39%,,20,1s,3s,1,130,9,Normal,Good,No,,,,,,,,,,
MECH. RIFLES (LAW),55,GOOD,0,0,0,0,M16A2 x8,"5,56mm x 1600",ASSAULT RIFLE,,0.8,40,885 m,530 m,,30%,14%,200,1s,3s,1,10,M249 x3,556mm x 2700,LIGHT SUPPORT WEAPON,,0.3,15,885 m,530m,,50%,30%,400,1s,15s,1,10,M72 LAW,66mm x 8,ANTI-TANK ROCKET LAUNCH.,13,1,1,705 m,,,39%,,20,1s,3s,1,130,11,Normal,Good,No,,,,,,,,,,
(*) MOT.-SCHUTZEN FUH.,125,MEDIOCRE,0,0,0,0,MPi-AK 74NK x4,545mm x 800,ASSAULT RIFLE,,4,20,885 m,530 m,,30%,14%,200,1s,3s,1,10,RPG-18,66mm HEAT x 6,ANTI-TANK ROCKET LAUNCH.,13,1,1,530m,,,50%,,20,1s,3s,1,130,,,,,,,,,,,,,,,,,4,Normal,Good,No,,,,,,,,,,
MOT.-SCHUTZEN (BTR),50,GOOD,0,0,0,0,MPi-AK 74NK x6,545mm x 1200,ASSAULT RIFLE,,0.6,30,885 m,530 m,,30%,14%,200,1s,3s,1,10,RPK x2,"7,62mm x 1800",LIGHT SUPPORT WEAPON,,0.56,12,885 m,530m,,50%,30%,400,1s,15s,1,10,RPG-7VL,85mm x 6,ANTI-TANK ROCKET LAUNCH.,18,1,1,705 m,,,50%,,10,1s,6s,1,180,8,Normal,Good,No,,,,,,,,,,
MOT.-SCHUTZEN,45,GOOD,0,0,0,0,MPi-AK 74NK x5,545mm x 1000,ASSAULT RIFLE,,0.5,25,885 m,530 m,,30%,14%,200,1s,3s,1,10,RPK x2,"7,62mm x 1800",LIGHT SUPPORT WEAPON,,0.56,12,885 m,530m,,50%,30%,400,1s,15s,1,10,RPG-7VL,85mm x 6,ANTI-TANK ROCKET LAUNCH.,18,1,1,705 m,,,50%,,10,1s,6s,1,180,7,Normal,Good,No,,,,,,,,,,
(*) MOTOSTRELKI KOM.,125,MEDIOCRE,0,0,0,0,AK-74 x4,545mm x 800,ASSAULT RIFLE,,4,20,885 m,530 m,,30%,14%,200,1s,3s,1,10,RPG-22,"72,5mm x 6",ANTI-TANK ROCKET LAUNCH.,15,1,1,530m,,,60%,,20,1s,3s,1,150,,,,,,,,,,,,,,,,,4,Normal,Good,No,,,,,,,,,,
MOTOSTRELKI (BMP),40,MEDIOCRE,0,0,0,0,AK-74 x6,545mm x 1200,ASSAULT RIFLE,,0.6,30,885 m,530 m,,30%,14%,200,1s,3s,1,10,RPK 74,"5,45mm x 900",LIGHT SUPPORT WEAPON,,0.1,5,885 m,530m,,50%,30%,400,1s,15s,1,10,RPG-7VR,64mm x 6,ANTI-TANK ROCKET LAUNCH.,20,1,1,530 m,,,50%,,10,1s,6s,1,200,7,Normal,Good,No,,,,,,,,,,
MOTOSTRELKI,40,MEDIOCRE,0,0,0,0,AK-74 x7,"5,45mm x 1400",ASSAULT RIFLE,,0.7,35,885 m,530 m,,30%,14%,200,1s,3s,1,10,RPK 74,"5,45mm x 900",LIGHT SUPPORT WEAPON,,0.1,5,885 m,530m,,50%,30%,400,1s,15s,1,10,RPG-7VR,64mm x 6,ANTI-TANK ROCKET LAUNCH.,20,1,1,530 m,,,50%,,10,1s,6s,1,200,8,Normal,Good,No,,,,,,,,,,
MOTOSTRELKI (Metis),55,GOOD,0,0,0,0,AK-74 x6,545mm x 1200,ASSAULT RIFLE,,0.6,30,885 m,530 m,,30%,14%,200,1s,3s,1,10,RPK 74,"5,45mm x 900",LIGHT SUPPORT WEAPON,,0.1,5,885 m,530m,,50%,30%,400,1s,15s,1,10,9K115 METIS,SACLOS x 6,GROUND-TO-GROUND MISSILE,18,1,1,1590 m,,,55%,,12,1s,5s,1,180,7,Normal,Good,No,,,,,,,,,,
(*) Mi-9,100,POOR,<1,<1,<1,<1,,,,,,,,,,,,,,,,,,,,,,,,,,,,,,,,,,,,,,,,,,,,,,,,,,Normal,Bad,No,10,,,,,225 km/h,27 km,1500 L,0 km/h,
(*) PIONIER FUH.,130,MEDIOCRE,0,0,0,0,UZI x5,9mm x 1000,SUBMACHINE GUN,,0.5,25,530m,530 m,,30%,30%,600,,1s,1,10,CARL GUSTAV M2,66mm HEAT x 4,ANTI-TANK ROCKET LAUNCH.,16,1,1,885 m,,,60%,,10,1s,6s,1,160,,,,,,,,,,,,,,,,,5,Normal,Good,No,,,,,,,,,,
PIONIER,45,GOOD,0,0,0,0,G3A4 xS,"7,62mm x 1800",ASSAULT RIFLE,,1.08,54,885 m,530 m,,39%,10%,200,1s,3s,1,10,MG3,"7,62mm x 1800",MEDIUM MACHINE GUN,,0.28,6,885 m,530m,,70%,5%,1200,1s,1s,1,10,Satchel Charge,Demolition charges x 5,GRENADE,4,4,200,175 m,,,39%,19%,15,,4s,1,10,10,Normal,Good,No,,,,,,,,,,
PIONIER (Flam),35,GOOD,0,0,0,0,Uzl x10,9mm x 2000,SUBMACHINE GUN,,1,50,530m,530 m,,30%,30%,600,,1s,1,10,HANDFLAMMPATRONE,93mm x 6,INCENDIARY ROCKET LAUNCH.,,1.68,92,530m,,,39%,,20,1s,3s,1,140,,,,,,,,,,,,,,,,,10,Normal,Good,No,,,,,,,,,,
PIONIER (Armbrust),45,GOOD,0,0,0,0,G3A4 xS,"7,62mm x 1800",ASSAULT RIFLE,,1.08,54,885 m,530 m,,39%,10%,200,1s,3s,1,10,MG3,"7,62mm x 1800",MEDIUM MACHINE GUN,,0.28,6,885 m,530m,,70%,5%,1200,1s,1s,1,10,ARMBRUST,66mm x 6,ANTI-TANK ROCKET LAUNCH.,13,1,1,705 m,,,50%,,20,1s,3s,1,130,10,Normal,Good,No,,,,,,,,,,
(*) PIONIER FUH.,130,MEDIOCRE,0,0,0,0,MPi-AK 74NK x4,545mm x 800,ASSAULT RIFLE,,4,20,885 m,530 m,,30%,14%,200,1s,3s,1,10,RPG-7VL,85mm x 6,ANTI-TANK ROCKET LAUNCH.,18,1,1,705 m,,,50%,,10,1s,6s,1,180,,,,,,,,,,,,,,,,,4,Normal,Good,No,,,,,,,,,,
PIONIER,40,MEDIOCRE,0,0,0,0,MPi-AK 74NK x7,"5,45mm x 1400",ASSAULT RIFLE,,0.7,35,885 m,530 m,,30%,14%,200,1s,3s,1,10,PKM,"7,62mm x 800",MEDIUM MACHINE GUN,,0.28,6,885 m,530m,,60%,5%,300,1s,2s,1,10,Satchel Charge,Demolition charges x 5,GRENADE,4,4,200,175 m,,,39%,19%,15,,4s,1,10,8,Normal,Good,No,,,,,,,,,,
PIONIER (Flam),70,EXCELLENT,0,0,0,0,MPi-AK 74NK x6,545mm x 1200,ASSAULT RIFLE,,0.6,30,885 m,530 m,,30%,14%,200,1s,3s,1,10,PKM,"7,62mm x 800",MEDIUM MACHINE GUN,,0.28,6,885 m,530m,,60%,5%,300,1s,2s,1,10,LPO-50,x 60,FLAME,,1.68,92,530 m,,,97%,75%,16,6s,6s,4,140,8,Normal,Good,No,,,,,,,,,,
(*) PZ.GREN. FUH.,150,GOOD,0,0,0,0,G3A4 x6,"7,62mm x 1200",ASSAULT RIFLE,,0.72,36,885 m,530 m,,39%,10%,200,1s,3s,1,10,FIM-43 REDEYE,Infrarcd x 4,SURFACE-TD-AIR MISSILE,,4,160,,2297 m,2297 m,35%,,3,1s,20s,1,40,PANZERFAUST 44,66mm HEAT x 4,ANTI-TANK ROCKET LAUNCH.,14,1,1,705 m,,,55%,,10,1s,6s,1,140,6,Normal,Good,No,,,,,,,,,,
PZ.GRENADIER (CarlG),40,MEDIOCRE,0,0,0,0,G3A4 x5,"7,62mm x 1000",ASSAULT RIFLE,,0.6,30,885 m,530 m,,39%,10%,200,1s,3s,1,10,MG3,"7,62mm x 1800",MEDIUM MACHINE GUN,,0.28,6,885 m,530m,,70%,5%,1200,1s,1s,1,10,CARL GUSTAV M2,66mm HEAT x 4,ANTI-TANK ROCKET LAUNCH.,16,1,1,885 m,,,60%,,10,1s,6s,1,160,6,Normal,Good,No,,,,,,,,,,
PZ.GRENADIER (M113),45,GOOD,0,0,0,0,G3A4 x8,"7,62mm x 1600",ASSAULT RIFLE,,0.96,48,885 m,530 m,,39%,10%,200,1s,3s,1,10,MG3,"7,62mm x 1800",MEDIUM MACHINE GUN,,0.28,6,885 m,530m,,70%,5%,1200,1s,1s,1,10,PANZERFAUST 44,66mm HEAT x 6,ANTI-TANK ROCKET LAUNCH.,14,1,1,705 m,,,55%,,10,1s,6s,1,140,9,Normal,Good,No,,,,,,,,,,
PZ.GRENADIER [Marder),35,MEDIOCRE,0,0,0,0,G3A4 x4,"7,62mm x 800",ASSAULT RIFLE,,0.48,24,885 m,530 m,,39%,10%,200,1s,3s,1,10,MG3,"7,62mm x 1800",MEDIUM MACHINE GUN,,0.28,6,885 m,530m,,70%,5%,1200,1s,1s,1,10,PANZERFAUST 44,66mm HEAT x 4,ANTI-TANK ROCKET LAUNCH.,14,1,1,705 m,,,55%,,10,1s,6s,1,140,5,Normal,Good,No,,,,,,,,,,
(*) SAPERI KOM.,130,MEDIOCRE,0,0,0,0,AK-74 x4,545mm x 800,ASSAULT RIFLE,,4,20,885 m,530 m,,30%,14%,200,1s,3s,1,10,RPG-7VL,85mm x 8,ANTI-TANK ROCKET LAUNCH.,18,1,1,705 m,,,50%,,10,1s,6s,1,180,,,,,,,,,,,,,,,,,4,Normal,Good,No,,,,,,,,,,
SAPERI,40,EXCELLENT,0,0,0,0,AK-74 x7,"5,45mm x 1400",ASSAULT RIFLE,,0.7,35,885 m,530 m,,30%,14%,200,1s,3s,1,10,PKM,"7,62mm x 800",MEDIUM MACHINE GUN,,0.28,6,885 m,530m,,60%,5%,300,1s,2s,1,10,Satchel Charge,Demolition charges x 5,GRENADE,4,4,200,175 m,,,39%,19%,15,,4s,1,10,8,Normal,Good,No,,,,,,,,,,
SAPERI (RPO),40,EXCELLENT,0,0,0,0,AK-74 x7,"5,45mm x 1400",ASSAULT RIFLE,,0.7,35,885 m,530 m,,30%,14%,200,1s,3s,1,10,PKM,"7,62mm x 800",MEDIUM MACHINE GUN,,0.28,6,885 m,530m,,60%,5%,300,1s,2s,1,10,RPO,93mm x 4,INCENDIARY ROCKET LAUNCH.,,1.68,92,530 m,,,39%,,20,1s,3s,1,140,8,Normal,Good,No,,,,,,,,,,
(*) SPW-40P2(K),100,POOR,1,1,1,1,,,,,,,,,,,,,,,,,,,,,,,,,,,,,,,,,,,,,,,,,,,,,,,,,,Normal,Bad,No,10,,,,,90 km/h,16 km,300L,108 km/h,
(*) T-B0BVK,340,EXCELLENT,17,0,3,3,2A46,125mm x 33,TANK GUN,18,1.5,83,2295 m,,,55%,45%,10,3s,6s,1,310,Kobra,SACLOS x 6,GROUND-TO-GROUND MISSILE,19,1,1,2650 m,,,45%,,12,1s,5s,1,190,NSVT,"12, 7mm x 525",HEAVY MACHINE GUN,,0.3,15,1415 m,1765 m,,76%,40%,750,1s,2s,5,20,,Normal,Bad,No,10,,,,,63 km/h,7 km,2040 L,79 km/h,
T-80B,200,GOOD,14,8,3,3,2A46,125mm x 33,TANK GUN,18,1.5,83,2295 m,,,55%,45%,10,3s,6s,1,310,Kobra,SACLOS x 6,GROUND-TO-GROUND MISSILE,19,1,1,2650 m,,,45%,,12,1s,5s,1,190,NSVT,"12, 7mm x 525",HEAVY MACHINE GUN,,0.3,15,1415 m,1765 m,,76%,40%,750,1s,2s,5,20,,Normal,Bad,No,10,,,,,63 km/h,7 km,2040 L,79 km/h,
T-80BV,240,EXCELLENT,17,0,3,3,2A46,125mm x 33,TANK GUN,18,1.5,83,2295 m,,,55%,45%,10,3s,6s,1,310,Kobra,SACLOS x 6,GROUND-TO-GROUND MISSILE,19,1,1,2650 m,,,45%,,12,1s,5s,1,190,NSVT,"12, 7mm x 525",HEAVY MACHINE GUN,,0.3,15,1415 m,1765 m,,76%,40%,750,1s,2s,5,20,,Normal,Bad,No,10,,,,,63 km/h,7 km,2040 L,79 km/h,
(*) T-80UK,405,EXCELLENT,20,0,3,3,2A46M,125mm x 33,TANK GUN,20,1.5,83,2295 m,,,60%,50%,10,3s,6s,1,330,Refleks,SALH x 6,GROUND-TO-GROUND MISSILE,21,1,1,2827 m,,,50%,,12,1s,5s,1,210,NSVT,"12, 7mm x 525",HEAVY MACHINE GUN,,0.3,15,1415 m,1765 m,,76%,40%,750,1s,2s,5,20,,Normal,Bad,No,10,,,,,68 km/h,7 km,2040 L,79 km/h,
T-80U,305,EXCELLENT,20,0,3,3,2A46M,125mm x 33,TANK GUN,20,1.5,83,2295 m,,,60%,50%,10,3s,6s,1,330,Refleks,SALH x 6,GROUND-TO-GROUND MISSILE,21,1,1,2827 m,,,50%,,12,1s,5s,1,210,NSVT,"12, 7mm x 525",HEAVY MACHINE GUN,,0.3,15,1415 m,1765 m,,76%,40%,750,1s,2s,5,20,,Normal,Bad,No,10,,,,,68 km/h,7 km,2040 L,79 km/h,
(*) UH-60A CO,120,EXCELLENT,<1,<1,<1,<1,M240 D,"7,62mm x 1050",MEDIUM MACHINE GUN,,0.28,6,885 m,530 m,,39%,6%,1000,08s,3s,7,7,M240 D,"7,62mm x 1050",MEDIUM MACHINE GUN,,0.28,6,885 m,530m,,39%,6%,1000,08s,3s,7,7,,,,,,,,,,,,,,,,,,Normal,Bad,No,10,,,,,270 km/h,35 km,1000 L,0 km/h,
(%) BRDM-2,50,MEDIOCRE,1,1,1,1,KPVT,"14,5mm x 490",HEAVY MACHINE GUN,,4,20,1415 m,1765 m,,76%,40%,750,1s,2s,5,20,PKT,"7,62mm x 1960",MEDIUM MACHINE GUN,,0.28,6,885 m,530m,,35%,19%,1000,08s,3s,7,7,,,,,,,,,,,,,,,,,,Good,Mediocre,No,10,,,,,90 km/h,15 km,300L,108 km/h,
(%) BRDM-2,30,MEDIOCRE,1,1,1,1,KPVT,"14,5mm x 490",HEAVY MACHINE GUN,,4,20,1415 m,1765 m,,76%,40%,750,1s,2s,5,20,,,,,,,,,,,,,,,,,,,,,,,,,,,,,,,,,,Good,Mediocre,No,10,,,,,90 km/h,17 km,319L,108 km/h,
(%) LUCHS A1,50,POOR,2,1,1,1,MK 20 Rh 202,20mm x 420,AUTOCANNON,-2,1,13,1590 m,1590 m,,40%,18%,157,05s,4s,10,110,,,,,,,,,,,,,,,,,,,,,,,,,,,,,,,,,,Good,Mediocre,No,10,,,,,72 km/h,13 km,500 L,108 km/h,
(%) TPz FUCHS RASIT,50,GOOD,1,1,1,1,,,,,,,,,,,,,,,,,,,,,,,,,,,,,,,,,,,,,,,,,,,,,,,,,,Exceptional,Mediocre,No,10,,,,,90 km/h,16 km,300L,108 km/h,
(%) M113A3 ACAV,75,GOOD,3,3,1,1,M40A1T RCL,90mm x 20,TANK GUN,17,1.26,69,1415 m,,,39%,,4,2.2s,13.5s,1,170,M2HB,"12,7mm x 980",HEAVY MACHINE GUN,,0.3,15,1415 m,1765 m,,76%,40%,750,1s,2s,5,20,M240,"7,62mm x 5250",MEDIUM MACHINE GUN,,0.28,6,885 m,530m,,39%,6%,1000,08s,3s,7,7,,Good,Mediocre,No,10,,,,,63 km/h,7 km,360 L,79 km/h,
(%) M150,40,MEDIOCRE,1,1,1,<1,M2HB,"12, 7mm x 525",HEAVY MACHINE GUN,,0.3,15,1415 m,1765 m,,76%,40%,750,1s,2s,5,20,TOW,SACLOS x 8,GROUND-TO-GROUND MISSILE,16,1,1,2650 m,,,50%,,12,1s,5s,1,160,,,,,,,,,,,,,,,,,,Good,Mediocre,No,10,,,,,59 km/h,6 km,360 L,79 km/h,
(%) M3A1 BRADLEY CFV,90,EXCELLENT,3,3,1,1,M242 Bushmaster,25mm x 1500,AUTOCANNON,-3,1,17,1765 m,1415 m,,61%,23%,89,05s,4s,10,130,TOW 2,SACLOS x 12,GROUND-TO-GROUND MISSILE,0.25,1,1,2650 m,,,70%,,20,1s,5s,2,500,M240,"7,62mm x 4340",MEDIUM MACHINE GUN,,0.28,6,885 m,530m,,39%,6%,1000,08s,3s,7,7,,Good,Mediocre,No,10,,,,,63 km/h,7 km,750L,79 km/h,
(%) ALOUETTE I,60,,<1,<1,<1,<1,,,,,,,,,,,,,,,,,,,,,,,,,,,,,,,,,,,,,,,,,,,,,,,,,,Very good,Bad,No,5,,,,,180 km/h,12 km,800 L,0 km/h,
(%) AUFKLARER,55,MEDIOCRE,0,0,0,0,MPi-AK 74NK x3,"5,45mm x 600",ASSAULT RIFLE,,0.3,15,885 m,530 m,,30%,14%,200,1s,3s,1,10,RPK,"7,62mm x 900",LIGHT SUPPORT WEAPON,,0.28,6,885 m,530m,,50%,30%,400,1s,15s,1,10,RPG-18,66mm HEAT x 6,ANTI-TANK ROCKET LAUNCH.,13,1,1,530 m,,,50%,,20,1s,3s,1,130,4,Very good,Exceptional,No,,,,,,,,,,
(%) AUFKLARER (Hvy),60,MEDIOCRE,0,0,0,0,MPi-AK 74NK x6,545mm x 1200,ASSAULT RIFLE,,0.6,30,885 m,530 m,,30%,14%,200,1s,3s,1,10,RPK,"7,62mm x 900",LIGHT SUPPORT WEAPON,,0.28,6,885 m,530m,,50%,30%,400,1s,15s,1,10,RPG-18,66mm HEAT x 6,ANTI-TANK ROCKET LAUNCH.,13,1,1,530 m,,,50%,,20,1s,3s,1,130,7,Very good,Exceptional,No,,,,,,,,,,
(%) AUFKLARER,55,GOOD,0,0,0,0,G3A4 x3,"7,62mm x 600",ASSAULT RIFLE,,0.36,18,885 m,530 m,,39%,10%,200,1s,3s,1,10,MG3,"7,62mm x 1800",MEDIUM MACHINE GUN,,0.28,6,885 m,530m,,70%,5%,1200,1s,1s,1,10,PANZERFAUST 44,66mm HEAT x 6,ANTI-TANK ROCKET LAUNCH.,14,1,1,705 m,,,55%,,10,1s,6s,1,140,4,Very good,Exceptional,No,,,,,,,,,,
(%) JAGER AUFKL.,70,EXCELLENT,0,0,0,0,G3A4 x10,"7,62mm x 2000",ASSAULT RIFLE,,1.2,60,885 m,530 m,,39%,10%,200,1s,3s,1,10,MG3,"7,62mm x 1800",MEDIUM MACHINE GUN,,0.28,6,885 m,530m,,70%,5%,1200,1s,1s,1,10,PANZERFAUST 44,66mm HEAT x 6,ANTI-TANK ROCKET LAUNCH.,14,1,1,705 m,,,55%,,10,1s,6s,1,140,11,Very good,Exceptional,No,,,,,,,,,,
(%) FERNSPAHER,60,MEDIOCRE,0,0,0,0,MP5SD x5,9mm x 1000,SUBMACHINE GUN,,0.5,25,530m,530 m,,60%,39%,600,,1s,1,10,HK21,"7,62mm x 900",LIGHT SUPPORT WEAPON,,0.28,6,885 m,530m,,50%,30%,400,1s,15s,1,10,Satchel Charge,Demolition charges x 5,GRENADE,4,4,200,175 m,,,39%,19%,15,,4s,1,10,6,Very good,Exceptional,No,,,,,,,,,,
(%) GRENZER,45,MEDIOCRE,0,0,0,0,KMS-72 x6,"7,62mm x 1200",ASSAULT RIFLE,,0.72,36,885 m,530 m,,25%,10%,200,1s,3s,1,10,RPK,"7,62mm x 900",LIGHT SUPPORT WEAPON,,0.28,6,885 m,530m,,50%,30%,400,1s,15s,1,10,,,,,,,,,,,,,,,,,7,Very good,Exceptional,No,,,,,,,,,,
(%) SCOUTS,40,MEDIOCRE,0,0,0,0,M16A2 x3,556mm x 600,ASSAULT RIFLE,,0.3,15,885 m,530 m,,30%,14%,200,1s,3s,1,10,M60,"7,62mm x 800",MEDIUM MACHINE GUN,,0.28,6,885 m,530m,,60%,5%,300,1s,2s,1,10,,,,,,,,,,,,,,,,,4,Very good,Exceptional,No,,,,,,,,,,
(%) LRS,70,EXCELLENT,0,0,0,0,M4 Carbine x4,5.56mm x 800,SUBMACHINE GUN,,4,20,530m,530 m,,60%,39%,600,,1s,1,10,M249 x2,"5,56mm x 1800",LIGHT SUPPORT WEAPON,,0.2,10,885 m,530m,,50%,30%,400,1s,15s,1,10,M72 LAW,66mm x 8,ANTI-TANK ROCKET LAUNCH.,13,1,1,705 m,,,39%,,20,1s,3s,1,130,6,Very good,Exceptional,No,,,,,,,,,,
(%) M151A2 FAV,40,MEDIOCRE,<1,<1,<1,<1,M2HB,"12, 7mm x 525",HEAVY MACHINE GUN,,0.3,15,1415 m,1765 m,,76%,40%,750,1s,2s,5,20,,,,,,,,,,,,,,,,,,,,,,,,,,,,,,,,,,Very good,Mediocre,Yes,5,,,,,63 km/h,14 km,65L,108 km/h,
(%) MI-2,60,,<1,<1,<1,<1,,,,,,,,,,,,,,,,,,,,,,,,,,,,,,,,,,,,,,,,,,,,,,,,,,Very good,Bad,No,10,,,,,198 km/h,24 km,250L,0 km/h,
(%) OH-58C Scout,80,,<1,<1,<1,<1,M134 Minigun,"7,62mm x 1600",GATLING,,0.28,6,1060 m,1060 m,,18%,9%,2181,0.1s,04s,10,10,,,,,,,,,,,,,,,,,,,,,,,,,,,,,,,,,,Very good,Bad,No,5,,,,,198 km/h,24 km,250L,0 km/h,
(%) RAZVEDKA,55,GOOD,0,0,0,0,AK-74 x3,"5,45mm x 600",ASSAULT RIFLE,,0.3,15,885 m,530 m,,30%,14%,200,1s,3s,1,10,RPK 74,"5,45mm x 900",LIGHT SUPPORT WEAPON,,0.1,5,885 m,530m,,50%,30%,400,1s,15s,1,10,RPG-22,"72,5mm x 6",ANTI-TANK ROCKET LAUNCH.,15,1,1,530 m,,,60%,,20,1s,3s,1,150,4,Very good,Exceptional,No,,,,,,,,,,
(%) RAZVEDKA (hvy),45,MEDIOCRE,0,0,0,0,AK-74 x6,545mm x 1200,ASSAULT RIFLE,,0.6,30,885 m,530 m,,30%,14%,200,1s,3s,1,10,RPK 74,"5,45mm x 900",LIGHT SUPPORT WEAPON,,0.1,5,885 m,530m,,50%,30%,400,1s,15s,1,10,,,,,,,,,,,,,,,,,7,Very good,Exceptional,No,,,,,,,,,,
(%) SPETSNAZ G.R.U.,60,EXCELLENT,0,0,0,0,AS Val x6,9mm x 900,SUBMACHINE GUN,,0.6,30,530m,530 m,,60%,39%,600,,1s,1,10,VSS Vintorez,9mm x 200,SUBMACHINE GUN,,0.1,5,530m,530m,,95%,19%,600,,1s,1,10,RPG-27,105mm x 6,ANTI-TANK ROCKET LAUNCH.,21,1,1,530 m,,,60%,,20,1s,3s,1,210,7,Very good,Exceptional,No,,,,,,,,,,
(%) SPEZIALAUFKLARER,65,EXCELLENT,0,0,0,0,AKSU-74 x7,"5,45mm x 1400",SUBMACHINE GUN,,0.7,35,530m,530 m,,60%,39%,600,,1s,1,10,RPK x2,"7,62mm x 1800",LIGHT SUPPORT WEAPON,,0.56,12,885 m,530m,,50%,30%,400,1s,15s,1,10,RPG-22,"72,5mm x 6",ANTI-TANK ROCKET LAUNCH.,15,1,1,530 m,,,60%,,20,1s,3s,1,150,9,Very good,Exceptional,No,,,,,,,,,,
(%) AUFKL.Pz BRM-1,70,GOOD,3,1,1,1,2A28,73mm x 40,TANK GUN,14,1,48,1590 m,,,35%,5%,10,3s,6s,1,140,PKT,"7,62mm x 1960",MEDIUM MACHINE GUN,,0.28,6,885 m,530m,,35%,19%,1000,08s,3s,7,7,,,,,,,,,,,,,,,,,,Exceptional,Mediocre,No,10,,,,,54 km/h,7 km,460 L,79 km/h,
(%) BRM-1,70,GOOD,3,1,1,1,2A28,73mm x 40,TANK GUN,14,1,48,1590 m,,,35%,5%,10,3s,6s,1,140,PKT,"7,62mm x 1960",MEDIUM MACHINE GUN,,0.28,6,885 m,530m,,35%,19%,1000,08s,3s,7,7,,,,,,,,,,,,,,,,,,Exceptional,Mediocre,No,10,,,,,54 km/h,7 km,460 L,79 km/h,
(%) Mi-8MTA,80,,<1,<1,<1,<1,,,,,,,,,,,,,,,,,,,,,,,,,,,,,,,,,,,,,,,,,,,,,,,,,,Exceptional,Bad,No,10,,,,,225 km/h,47 km,1500 L,0 km/h,
(%) OH-58D KIOWA Wr.,175,,<1,<1,<1,<1,AGM-114A Hellfire,SALH x 4,GROUND-TO-GROUND MISSILE,24,1,1,2827 m,,,70%,50%,30,1s,5s,4,960,,,,,,,,,,,,,,,,,,,,,,,,,,,,,,,,,,Exceptional,Bad,No,5,,,,,216 km/h,26 km,250L,0 km/h,
2K12M3 KUB-M3,90,MEDIOCRE,1,1,1,1,9M38M1,Radar x 3,SURFACE-TD-AIR MISSILE,,9,360,,2473 m,4594 m,40%,,8,1s,20s,3,270,,,,,,,,,,,,,,,,,,,,,,,,,,,,,,,,,,Mediocre,Bad,No,10,,,,,41 km/h,4 km,850 L,79 km/h,
2K12M3 KUB-M3,90,MEDIOCRE,1,1,1,1,9M38M1,Radar x 3,SURFACE-TD-AIR MISSILE,,9,360,,2473 m,4594 m,40%,,8,1s,20s,3,270,,,,,,,,,,,,,,,,,,,,,,,,,,,,,,,,,,Mediocre,Bad,No,10,,,,,41 km/h,4 km,850 L,79 km/h,
ZSU-23-4M3 BIRYUSA,100,MEDIOCRE,1,1,1,1,AZP-23,23mm x 2000,ANTI-AIR GUN,,1.6,80,1060 m,2475 m,2650 m,45%,35%,1999,05s,04s,5,100,,,,,,,,,,,,,,,,,,,,,,,,,,,,,,,,,,Mediocre,Bad,No,10,,,,,45 km/h,4 km,500 L,79 km/h,
2K22 TUNGUSKA,290,EXCELLENT,2,1,1,1,2A38M,30mm x 1840,ANTI-AIR GUN,,1.2,60,1060 m,2825 m,3005 m,50%,35%,1714,05s,1s,10,200,9M311,SACLOS x 8,SURFACE-TD-AIR MISSILE,,7,280,,3004 m,2827 m,50%,,25,1s,5s,8,560,,,,,,,,,,,,,,,,,,Mediocre,Bad,No,10,,,,,54 km/h,6 km,500 L,79 km/h,
2S1 GVOZDIKA,100,POOR,1,1,1,1,2A18,122mm x 36,HOWITZER,,1.83,81,14135 m,,,,,8,15s,20s,6,732,2A18,122mm HEAT x 4,TANK GUN,-9,1,1,1945 m,,,14%,5%,10,3s,6s,1,90,,,,,,,,,,,,,,,,,,Bad,Bad,No,10,,,,,54 km/h,6 km,550L,79 km/h,
2S3M AKATSIYA,150,MEDIOCRE,2,1,1,1,B D-22,152mm x 40,HOWITZER,,2.28,100,17670 m,,,,,6,15s,20s,4,608,D-22,152mm x 5,TANK GUN,13,1,1,1945 m,,,14%,5%,10,3s,6s,1,130,PKT,"7,62mm x 1050",MEDIUM MACHINE GUN,,0.28,6,885 m,530m,,35%,19%,1000,08s,3s,7,7,,Bad,Bad,No,10,,,,,45 km/h,5 km,800 L,79 km/h,
2S1 GWOSDIKA,100,POOR,1,1,1,1,2A18,122mm x 36,HOWITZER,,1.83,81,14135 m,,,,,8,15s,20s,6,732,2A18,122mm HEAT x 4,TANK GUN,-9,1,1,1945 m,,,14%,5%,10,3s,6s,1,90,,,,,,,,,,,,,,,,,,Bad,Bad,No,10,,,,,54 km/h,6 km,550L,79 km/h,
2S3M AKATSIYA,150,MEDIOCRE,2,1,1,1,B D-22,152mm x 40,HOWITZER,,2.28,100,17670 m,,,,,6,15s,20s,4,608,D-22,152mm x 5,TANK GUN,13,1,1,1945 m,,,14%,5%,10,3s,6s,1,130,PKT,"7,62mm x 1050",MEDIUM MACHINE GUN,,0.28,6,885 m,530m,,35%,19%,1000,08s,3s,7,7,,Bad,Bad,No,10,,,,,45 km/h,5 km,800 L,72 km/h,
BRDM STRELA-I,50,POOR,1,1,1,1,9K31 Strela-1,Infrarcd x 4,SURFACE-TD-AIR MISSILE,,5,200,,2650 m,2473 m,40%,,21,1s,5s,4,200,,,,,,,,,,,,,,,,,,,,,,,,,,,,,,,,,,Mediocre,Bad,No,10,,,,,90 km/h,15 km,290L,108 km/h,
MT-LB STRELA-10M,90,MEDIOCRE,1,1,1,1,9M37M,Infrarcd x 8,SURFACE-TD-AIR MISSILE,,5,200,,2650 m,2473 m,50%,40%,9,1s,20s,4,200,,,,,,,,,,,,,,,,,,,,,,,,,,,,,,,,,,Mediocre,Bad,No,10,,,,,54 km/h,6 km,450 L,79 km/h,
9K33M3 OSA-AKM,130,MEDIOCRE,<1,<1,<1,<1,9M33M3,Radar x 6,SURFACE-TD-AIR MISSILE,,7,280,,2827 m,3534 m,55%,,14,1s,20s,6,420,,,,,,,,,,,,,,,,,,,,,,,,,,,,,,,,,,Mediocre,Bad,No,10,,,,,72 km/h,8 km,500 L,108 km/h,
A-10A [HE],155,GOOD,2,1,2,1,GAUS8 Avenger,30mm x 1120,GATLING,6,1.18,60,2120 m,2825 m,3180 m,30%,30%,2526,,1s,10,60,Mk 82,227kg x 8,UNGUIDED BOMB,,7.5,330,1765 m,,,94%,94%,282,,1s,8,2000,AIM-9M,Infrarcd x 2,AIR-TO-AIR MISSILE,,5,200,,2120 m,4240 m,60%,60%,20,,3s,1,50,,,,No,10,Normal,20%,Very good,12,410 km/h,200,2000 L,,
A-10A THUNDERBOLT Il,15,EXCELLENT,2,1,2,1,GAUS8 Avenger,30mm x 1120,GATLING,6,1.18,60,2120 m,2825 m,3180 m,30%,30%,2526,,1s,10,60,AGM-65B Maverick,Electro-optical x 4,AIR-TO-GROUND MISSILE,26,1,1,3180 m,,,40%,40%,24,,25s,1,260,AIM-9M,Infrarcd x 2,AIR-TO-AIR MISSILE,,5,200,,2120 m,4240 m,60%,60%,20,,3s,1,50,,,,No,10,Normal,20%,Exceptional,12,410 km/h,200,2000 L,,
AERO-RIFLES,55,GOOD,0,0,0,0,M16A2 x8,"5,56mm x 1600",ASSAULT RIFLE,,0.8,40,885 m,530 m,,30%,14%,200,1s,3s,1,10,M60 x2,"7,62mm x 1600",MEDIUM MACHINE GUN,,0.56,12,885 m,530m,,60%,5%,300,1s,2s,1,10,M72 LAW,66mm x 8,ANTI-TANK ROCKET LAUNCH.,13,1,1,705 m,,,39%,,20,1s,3s,1,130,10,Normal,Good,No,,,,,,,,,,
AH-1F COBRA,110,POOR,<1,<1,<1,<1,M197,20mm x 800,GATLING,1,1,13,1060 m,1235 m,,18%,18%,827,05s,4s,10,50,Hydra 70,70mm x 38,AIR-TD-GROUND ROCKETS,,0.84,46,2120 m,,,99%,99%,240,,0.25s,38,2660,Hydra 70,70mm x 38,AIR-TD-GROUND ROCKETS,,0.84,46,2120 m,,,99%,99%,240,,0.25s,38,2660,,Normal,Bad,No,10,,,,,252 km/h,27 km,1000 L,0 km/h,
AH-1F TOWCOBRA,125,MEDIOCRE,<1,<1,<1,<1,M197,20mm x 800,GATLING,1,1,13,1060 m,1235 m,,18%,18%,827,05s,4s,10,50,I-TOW,SACLOS x 8,GROUND-TO-GROUND MISSILE,20,1,1,2650 m,,,60%,,40,1s,5s,8,1600,Hydra 70,70mm x 14,AIR-TD-GROUND ROCKETS,,0.84,46,2120 m,,,95%,89%,240,,0.25s,14,980,,Normal,Bad,No,10,,,,,252 km/h,27 km,1000 L,0 km/h,
AH-64A APACHE [RKT],120,MEDIOCRE,1,1,<1,<1,M230,30mm x 1200,AUTOCANNON,-2,1,20,1590 m,1765 m,,61%,56%,157,05s,2s,10,110,Hydra 70,70mm x 38,AIR-TD-GROUND ROCKETS,,0.84,46,2120 m,,,99%,99%,240,,0.25s,38,2660,Hydra 70,70mm x 38,AIR-TD-GROUND ROCKETS,,0.84,46,2120 m,,,99%,99%,240,,0.25s,38,2660,,Normal,Bad,No,10,,,,,252 km/h,27 km,1000 L,0 km/h,
AH-64A APACHE,265,GOOD,1,1,<1,<1,M230,30mm x 1200,AUTOCANNON,-2,1,20,1590 m,1765 m,,61%,56%,157,05s,2s,10,110,AGM-114A Hellfire,SALH x 8,GROUND-TO-GROUND MISSILE,24,1,1,2827 m,,,70%,50%,40,1s,5s,8,1920,Hydra 70,70mm x 38,AIR-TD-GROUND ROCKETS,,0.84,46,2120 m,,,19%,14%,240,,0.25s,1,70,,Normal,Bad,No,10,,,,,252 km/h,27 km,1000 L,0 km/h,
AH-64A APACHE [ATGM],330,EXCELLENT,1,1,<1,<1,M230,30mm x 1200,AUTOCANNON,-2,1,20,1590 m,1765 m,,61%,56%,157,05s,2s,10,110,AGM-114A Hellfire,SALH x 16,GROUND-TO-GROUND MISSILE,24,1,1,2827 m,,,70%,50%,48,1s,5s,16,3840,,,,,,,,,,,,,,,,,,Normal,Bad,No,10,,,,,252 km/h,27 km,1000 L,0 km/h,
ALPHA JET A [RKT],75,POOR,<1,<1,<1,<1,Mauser BK-27,27mm x 160,GATLING,,1.18,60,2120 m,2825 m,3180 m,50%,50%,558,,05s,20,20,SNEB,68mm x 76,AIR-TD-GROUND ROCKETS,,0.84,46,2120 m,,,99%,99%,240,,0.25s,38,2660,,,,,,,,,,,,,,,,,,,,No,10,Normal,20%,Very good,11,702 km/h,100,1000 L,,
ALPHA JET A [HE],50,POOR,<1,<1,<1,<1,Mauser BK-27,27mm x 160,GATLING,,1.18,60,2120 m,2825 m,3180 m,50%,50%,558,,05s,20,20,Mk 82,227kg x 2,UNGUIDED BOMB,,7.5,330,1765 m,,,51%,51%,109,,1s,2,500,,,,,,,,,,,,,,,,,,,,No,10,Normal,20%,Very good,11,702 km/h,100,1000 L,,
ALPHA JET A[NPLM],85,POOR,<1,<1,<1,<1,Mauser BK-27,27mm x 160,GATLING,,1.18,60,2120 m,2825 m,3180 m,50%,50%,558,,05s,20,20,MK-77,500kg x 2,UNGUIDED BOMB,,5.28,290,1765 m,,,51%,51%,109,,1s,2,880,,,,,,,,,,,,,,,,,,,,No,10,Normal,20%,Very good,11,702 km/h,100,1000 L,,
BM-21 GRAD,240,POOR,<1,<1,<1,<1,M-210F,122mm x 40,ROCKET,,1.83,81,17670 m,,,,,20,20s,20s,20,2440,,,,,,,,,,,,,,,,,,,,,,,,,,,,,,,,,,Bad,Bad,No,10,,,,,63 km/h,10 km,500 L,108 km/h,
BM-27 URAGAN,270,MEDIOCRE,1,<1,<1,<1,9M27F,220mm x 16,ROCKET,,3.3,145,49470 m,,,,,11,20s,40 s,16,3520,,,,,,,,,,,,,,,,,,,,,,,,,,,,,,,,,,Bad,Bad,No,10,,,,,59 km/h,6 km,1000 L,79 km/h,
MT-LB,20,POOR,1,1,1,1,PKT,"7,62mm x 840",MEDIUM MACHINE GUN,,0.28,6,885 m,530 m,,35%,19%,1000,08s,3s,7,7,,,,,,,,,,,,,,,,,,,,,,,,,,,,,,,,,,Mediocre,Bad,No,10,,,,,54 km/h,6 km,500 L,79 km/h,Very light
BMP-1P,30,MEDIOCRE,3,1,1,1,2A28,73mm x 40,TANK GUN,14,1,48,1590 m,,,35%,5%,10,3s,6s,1,140,Malyutka P,SACLOS x 4,GROUND-TO-GROUND MISSILE,17,1,1,2650 m,,,45%,,12,1s,5s,1,170,PKT,"7,62mm x 1960",MEDIUM MACHINE GUN,,0.28,6,885 m,530m,,35%,19%,1000,08s,3s,7,7,,Mediocre,Bad,No,10,,,,,54 km/h,7 km,450 L,79 km/h,Very light
BMP-2,40,GOOD,4,2,1,1,2742,30mm x 500,AUTOCANNON,-2,1,20,1590 m,1590 m,,40%,18%,89,05s,4s,10,110,Konkurs,SACLOS x 4,GROUND-TO-GROUND MISSILE,20,1,1,2650 m,,,45%,,12,1s,5s,1,200,PKT,"7,62mm x 1960",MEDIUM MACHINE GUN,,0.28,6,885 m,530m,,35%,19%,1000,08s,3s,7,7,,Mediocre,Bad,No,10,,,,,59 km/h,8 km,500 L,79 km/h,Very light
BMP-3,55,EXCELLENT,5,3,2,2,2A70,100mm x 34,TANK GUN,,1.2,66,2475 m,,,45%,25%,10,3s,6s,1,100,2A72,30mm x 500,AUTOCANNON,0.3,1,20,1765 m,1765 m,,40%,23%,157,05s,2s,10,130,SM117,SACLOS x 6,GROUND-TO-GROUND MISSILE,18,1,1,2827 m,,,40%,,12,1s,5s,1,180,,Mediocre,Bad,No,10,,,,,63 km/h,8 km,500 L,79 km/h,Very light
BO-105 PAH-1,50,POOR,<1,<1,<1,<1,HOT-1,SACLOS x 6,GROUND-TO-GROUND MISSILE,22,1,1,2650 m,,,50%,,18,2s,15s,6,1320,,,,,,,,,,,,,,,,,,,,,,,,,,,,,,,,,,Normal,Bad,No,5,,,,,216 km/h,26 km,250L,0 km/h,
BO-105 PAH-1A1,75,POOR,<1,<1,<1,<1,HOT-2,SACLOS x 6,GROUND-TO-GROUND MISSILE,24,1,1,2650 m,,,65%,,36,1s,5s,6,1440,,,,,,,,,,,,,,,,,,,,,,,,,,,,,,,,,,Normal,Bad,No,5,,,,,216 km/h,26 km,250L,0 km/h,
BRDM-2 KONKURS,80,MEDIOCRE,1,1,1,1,Konkurs,SACLOS x 10,GROUND-TO-GROUND MISSILE,20,1,1,2650 m,,,45%,,33,1s,5s,5,1000,,,,,,,,,,,,,,,,,,,,,,,,,,,,,,,,,,Mediocre,Bad,No,10,,,,,72 km/h,12 km,300L,108 km/h,
MT-LB SHTURM-S,180,EXCELLENT,1,1,1,1,Kokon,SACLOS x 10,GROUND-TO-GROUND MISSILE,19,1,1,2827 m,,,55%,,12,1s,5s,1,190,,,,,,,,,,,,,,,,,,,,,,,,,,,,,,,,,,Mediocre,Bad,No,10,,,,,54 km/h,6 km,500 L,79 km/h,
MT-LB,20,POOR,1,1,1,1,PKT,"7,62mm x 1680",MEDIUM MACHINE GUN,,0.28,6,885 m,530 m,,35%,19%,1000,08s,3s,7,7,,,,,,,,,,,,,,,,,,,,,,,,,,,,,,,,,,Mediocre,Bad,No,10,,,,,54 km/h,6 km,375L,79 km/h,Very light
BTR-50PK,20,POOR,2,1,1,1,SGMB,"7,62mm x 1400",MEDIUM MACHINE GUN,,0.28,6,885 m,530 m,,39%,6%,1000,08s,3s,7,7,,,,,,,,,,,,,,,,,,,,,,,,,,,,,,,,,,Mediocre,Bad,No,10,,,,,41 km/h,4 km,375L,79 km/h,Very light
SPz BMP-1 SP1,5,POOR,3,1,1,1,2A28,73mm x 40,TANK GUN,14,1,48,1590 m,,,35%,5%,10,3s,6s,1,140,PKT,"7,62mm x 280",MEDIUM MACHINE GUN,,0.28,6,885 m,530m,,35%,19%,1000,08s,3s,7,7,,,,,,,,,,,,,,,,,,Mediocre,Bad,No,10,,,,,54 km/h,7 km,450 L,79 km/h,Very light
SPz BMP-1 SP2,30,MEDIOCRE,3,1,1,1,2A28,73mm x 40,TANK GUN,14,1,48,1590 m,,,35%,5%,10,3s,6s,1,140,Malyutka P,SACLOS x 4,GROUND-TO-GROUND MISSILE,17,1,1,2650 m,,,45%,,12,1s,5s,1,170,PKT,"7,62mm x 1960",MEDIUM MACHINE GUN,,0.28,6,885 m,530m,,35%,19%,1000,08s,3s,7,7,,Mediocre,Bad,No,10,,,,,54 km/h,7 km,450 L,79 km/h,Very light
BTR-60PB,20,MEDIOCRE,2,1,1,1,KPVT,"14,5mm x 525",HEAVY MACHINE GUN,,4,20,1415 m,1765 m,,76%,40%,750,1s,2s,5,20,PKT,"7,62mm x 2800",MEDIUM MACHINE GUN,,0.28,6,885 m,530m,,35%,19%,1000,08s,3s,7,7,,,,,,,,,,,,,,,,,,Mediocre,Bad,Yes,10,,,,,72 km/h,8 km,350L,108 km/h,Very light
EF-111A RAVEN,15,GOOD,<1,<1,<1,<1,AGM-88 HARM,antirad x 2,ANTI-RADIATION MISSILE,20,1,1,5300 m,,,65%,65%,30,,2s,1,200,,,,,,,,,,,,,,,,,,,,,,,,,,,,,,,,,,,,No,10,Exceptional,60%,Good,10,1287 km/h,200,1000 L,,
F-104G [AA],105,POOR,<1,<1,<1,<1,MG6TAT Vulcan,20mm x 160,GATLING,1,1,40,2120 m,2825 m,3180 m,40%,40%,558,,05s,20,20,AIM-9L,Infrarcd x 4,AIR-TO-AIR MISSILE,,4,160,,2120 m,3887 m,50%,50%,20,,3s,1,40,,,,,,,,,,,,,,,,,,,,No,10,Good,10%,Normal,2,1404 km/h,100,1000 L,,
F-111E [HE],185,GOOD,<1,<1,<1,<1,Mk 82,227kg x 12,UNGUIDED BOMB,,7.5,330,1765 m,,,98%,98%,342,,1s,12,3000,,,,,,,,,,,,,,,,,,,,,,,,,,,,,,,,,,,,No,10,Normal,30%,Good,10,1199 km/h,100,1000 L,,
F-111E [CLU],200,EXCELLENT,<1,<1,<1,<1,MK-20 Rockeye Il,227kg x 8,UNGUIDED BOMB,-9,2.16,225,1765 m,,,94%,94%,282,,1s,8,2000,,,,,,,,,,,,,,,,,,,,,,,,,,,,,,,,,,,,No,10,Normal,30%,Good,10,1199 km/h,100,1000 L,,
F-111E [NPLM],140,MEDIOCRE,<1,<1,<1,<1,MK-77,500kg x 4,UNGUIDED BOMB,,5.28,290,1765 m,,,75%,75%,184,,1s,4,1760,,,,,,,,,,,,,,,,,,,,,,,,,,,,,,,,,,,,No,10,Normal,30%,Good,10,1199 km/h,100,1000 L,,
F-111F [HE],185,GOOD,<1,<1,<1,<1,Mk 82,227kg x 12,UNGUIDED BOMB,,7.5,330,1765 m,,,98%,98%,342,,1s,12,3000,,,,,,,,,,,,,,,,,,,,,,,,,,,,,,,,,,,,No,10,Normal,30%,Very good,10,1287 km/h,100,1000 L,,
F-15C EAGLE,280,EXCELLENT,<1,<1,<1,<1,MG6TAT Vulcan,20mm x 920,GATLING,1,1,40,2120 m,2825 m,3180 m,40%,40%,558,,05s,20,20,AIM-120A AMRAAM,Radar x 4,AIR-TO-AIR MISSILE,,5,200,,,7774 m,60%,60%,20,,3s,1,50,AIM-9M,Infrarcd x 2,AIR-TO-AIR MISSILE,,5,200,,2120 m,4240 m,60%,60%,20,,3s,1,50,,,,No,10,Exceptional,50%,Good,1,1755 km/h,100,1000 L,,
F-16C FIGHTING FALCON,195,GOOD,<1,<1,<1,<1,MG6TAT Vulcan,20mm x 240,GATLING,1,1,40,2120 m,2825 m,3180 m,40%,40%,558,,05s,20,20,AIM-9M,Infrarcd x 2,AIR-TO-AIR MISSILE,,5,200,,2120 m,4240 m,60%,60%,20,,3s,1,50,AIM-7M Sparrow,SemAct radar x 2,AIR-TO-AIR MISSILE,,6,240,,,7774 m,50%,50%,20,,3s,1,60,,,,No,10,Good,30%,Good,2,1229 km/h,100,1000 L,,
F-16C [CLU],165,GOOD,<1,<1,<1,<1,MG6TAT Vulcan,20mm x 240,GATLING,1,1,40,2120 m,2825 m,3180 m,40%,40%,558,,05s,20,20,MK-20 Rockeye Il,227kg x 2,UNGUIDED BOMB,-9,2.16,225,1765 m,,,51%,51%,109,,1s,2,500,AIM-9M,Infrarcd x 2,AIR-TO-AIR MISSILE,,5,200,,2120 m,4240 m,60%,60%,20,,3s,1,50,,,,No,10,Good,30%,Good,10,1229 km/h,100,1000 L,,
F-16C [SEAD],235,EXCELLENT,<1,<1,<1,<1,MG6TAT Vulcan,20mm x 240,GATLING,1,1,40,2120 m,2825 m,3180 m,40%,40%,558,,05s,20,20,AGM-88 HARM,antirad x 2,ANTI-RADIATION MISSILE,20,1,1,5300 m,,,65%,65%,30,,2s,1,200,AIM-9M,Infrarcd x 2,AIR-TO-AIR MISSILE,,5,200,,2120 m,4240 m,60%,60%,20,,3s,1,50,,,,No,10,Good,30%,Good,10,1229 km/h,100,1000 L,,
F-4E PHANTOM II [AA],15,GOOD,<1,<1,<1,<1,MG6TAT Vulcan,20mm x 640,GATLING,1,1,40,2120 m,2825 m,3180 m,40%,40%,558,,05s,20,20,AIM-9),Infrarcd x 2,AIR-TO-AIR MISSILE,,4,160,,2120 m,3534 m,40%,40%,20,,3s,1,40,AIM-7M Sparrow,SemAct radar x 5,AIR-TO-AIR MISSILE,,6,240,,,7774 m,50%,50%,20,,3s,1,60,,,,No,10,Good,20%,Good,2,1229 km/h,100,1000 L,,
F-4E PHANTOM II [HE],125,MEDIOCRE,<1,<1,<1,<1,MG6TAT Vulcan,20mm x 640,GATLING,1,1,40,2120 m,2825 m,3180 m,40%,40%,558,,05s,20,20,Mk 82,227kg x 4,UNGUIDED BOMB,,7.5,330,1765 m,,,75%,75%,184,,1s,4,1000,AlM-9),Infrarcd x 2,AIR-TO-AIR MISSILE,,4,160,,2120 m,3534 m,40%,40%,20,,3s,1,40,,,,No,10,Good,20%,Good,10,1229 km/h,100,1000 L,,
F-4E PHANTOM II [CLU],120,MEDIOCRE,<1,<1,<1,<1,MG6TAT Vulcan,20mm x 640,GATLING,1,1,40,2120 m,2825 m,3180 m,40%,40%,558,,05s,20,20,MK-20 Rockeye Il,227kg x 2,UNGUIDED BOMB,-9,2.16,225,1765 m,,,51%,51%,109,,1s,2,500,AlM-9),Infrarcd x 2,AIR-TO-AIR MISSILE,,4,160,,2120 m,3534 m,40%,40%,20,,3s,1,40,,,,No,10,Good,20%,Good,10,1229 km/h,100,1000 L,,
F-4E PHANTOM Il [NPLM],140,MEDIOCRE,<1,<1,<1,<1,MG6TAT Vulcan,20mm x 640,GATLING,1,1,40,2120 m,2825 m,3180 m,40%,40%,558,,05s,20,20,MK-77,500kg x 2,UNGUIDED BOMB,,5.28,290,1765 m,,,51%,51%,109,,1s,2,880,AlM-9),Infrarcd x 2,AIR-TO-AIR MISSILE,,4,160,,2120 m,3534 m,40%,40%,20,,3s,1,40,,,,No,10,Good,20%,Good,10,1229 km/h,100,1000 L,,
F-4F [AA],145,MEDIOCRE,<1,<1,<1,<1,MG6TAT Vulcan,20mm x 160,GATLING,1,1,40,2120 m,2825 m,3180 m,40%,40%,558,,05s,20,20,AIM-9L,Infrarcd x 4,AIR-TO-AIR MISSILE,,4,160,,2120 m,3887 m,50%,50%,20,,3s,1,40,,,,,,,,,,,,,,,,,,,,No,10,Good,30%,Good,2,1229 km/h,100,1000 L,,
F-4F [AT],175,GOOD,<1,<1,<1,<1,MG6TAT Vulcan,20mm x 160,GATLING,1,1,40,2120 m,2825 m,3180 m,40%,40%,558,,05s,20,20,AGM-65B Maverick,Electro-optical x 4,AIR-TO-GROUND MISSILE,26,1,1,3180 m,,,40%,40%,24,,25s,1,260,,,,,,,,,,,,,,,,,,,,No,10,Good,30%,Good,10,1229 km/h,100,1000 L,,
F-4F [HE2],260,EXCELLENT,<1,<1,<1,<1,MG6TAT Vulcan,20mm x 160,GATLING,1,1,40,2120 m,2825 m,3180 m,40%,40%,558,,05s,20,20,Mk 82,227kg x 12,UNGUIDED BOMB,,7.5,330,1765 m,,,98%,98%,342,,1s,12,3000,AIM-9L,Infrarcd x 2,AIR-TO-AIR MISSILE,,4,160,,2120 m,3887 m,50%,50%,20,,3s,1,40,,,,No,10,Good,30%,Good,10,1229 km/h,100,1000 L,,
F-4G WILD WEASEL,195,MEDIOCRE,<1,<1,<1,<1,AGM-45B Shrike,antirad x 5,ANTI-RADIATION MISSILE,20,1,1,4240 m,,,50%,50%,30,,2s,1,200,AIM-9),Infrarcd x 2,AIR-TO-AIR MISSILE,,4,160,,2120 m,3534 m,40%,40%,20,,3s,1,40,,,,,,,,,,,,,,,,,,,,No,10,Good,40%,Good,10,1229 km/h,100,1000 L,,
FELDJAGER,10,POOR,0,0,0,0,MP5A3 x4,9mm x 800,SUBMACHINE GUN,,4,20,530m,530 m,,60%,39%,600,,1s,1,10,,,,,,,,,,,,,,,,,,,,,,,,,,,,,,,,,4,Normal,Good,No,,,,,,,,,,
MECH. RIFLES,70,EXCELLENT,0,0,0,0,M16A2 x8,"5,56mm x 1600",ASSAULT RIFLE,,0.8,40,885 m,530 m,,30%,14%,200,1s,3s,1,10,M249 x3,556mm x 2700,LIGHT SUPPORT WEAPON,,0.3,15,885 m,530m,,50%,30%,400,1s,15s,1,10,M47 Dragon Il,SACLOS x 8,GROUND-TO-GROUND MISSILE,16,1,1,1590 m,,,50%,,12,1s,5s,1,160,11,Normal,Good,No,,,,,,,,,,
FIRE TEAM [LAW),40,MEDIOCRE,0,0,0,0,M16A2 x3,556mm x 600,ASSAULT RIFLE,,0.3,15,885 m,530 m,,30%,14%,200,1s,3s,1,10,M249 x2,"5,56mm x 1800",LIGHT SUPPORT WEAPON,,0.2,10,885 m,530m,,50%,30%,400,1s,15s,1,10,M72 LAW,66mm x 4,ANTI-TANK ROCKET LAUNCH.,13,1,1,705 m,,,39%,,20,1s,3s,1,130,5,Normal,Good,No,,,,,,,,,,
FIRE TEAM (AT-4),35,MEDIOCRE,0,0,0,0,M16A2 x5,"5,56mm x 1000",ASSAULT RIFLE,,0.5,25,885 m,530 m,,30%,14%,200,1s,3s,1,10,M249,"5,56mm x 900",LIGHT SUPPORT WEAPON,,0.1,5,885 m,530m,,50%,30%,400,1s,15s,1,10,AT-4,83mm x 4,ANTI-TANK ROCKET LAUNCH.,17,1,1,705 m,,,50%,,20,1s,3s,1,170,6,Normal,Good,No,,,,,,,,,,
FIRE TEAM (DRAGON),40,MEDIOCRE,0,0,0,0,M16A2 x5,"5,56mm x 1000",ASSAULT RIFLE,,0.5,25,885 m,530 m,,30%,14%,200,1s,3s,1,10,M249,"5,56mm x 900",LIGHT SUPPORT WEAPON,,0.1,5,885 m,530m,,50%,30%,400,1s,15s,1,10,M47 Dragon Il,SACLOS x 8,GROUND-TO-GROUND MISSILE,16,1,1,1590 m,,,50%,,12,1s,5s,1,160,6,Normal,Good,No,,,,,,,,,,
FLA-RAK. STRELA-2M,20,POOR,0,0,0,0,MPi-AK 74NK,545mm x 200,ASSAULT RIFLE,,0.1,5,885 m,530 m,,30%,14%,200,1s,3s,1,10,STRELA 2M,Infrarcd x 6,SURFACE-TD-AIR MISSILE,,4,160,,2297 m,2297 m,30%,,3,1s,20s,1,40,,,,,,,,,,,,,,,,,2,Normal,Exceptional,No,,,,,,,,,,
FLIEGERFAUST,20,POOR,0,0,0,0,Uzl,9mm x 200,SUBMACHINE GUN,,0.1,5,530m,530 m,,30%,30%,600,,1s,1,10,FIM-43 REDEYE,Infrarcd x 6,SURFACE-TD-AIR MISSILE,,4,160,,2297 m,2297 m,35%,,3,1s,20s,1,40,,,,,,,,,,,,,,,,,2,Normal,Exceptional,No,,,,,,,,,,
FRP ROLAND 2,110,GOOD,2,2,2,2,ROLAND 2,Electro-optical m. x 12,SURFACE-TD-AIR MISSILE,,5,200,,2473 m,3887 m,65%,,5,1s,20s,2,100,,,,,,,,,,,,,,,,,,,,,,,,,,,,,,,,,,Mediocre,Bad,No,10,,,,,63 km/h,5 km,400L,79 km/h,
FRP ROLAND 3,135,EXCELLENT,2,2,2,2,ROLAND 3,Radar x 12,SURFACE-TD-AIR MISSILE,,6,240,,2827 m,4240 m,65%,,5,1s,20s,2,120,,,,,,,,,,,,,,,,,,,,,,,,,,,,,,,,,,Mediocre,Bad,No,10,,,,,63 km/h,5 km,400L,79 km/h,
FlamPz. TO-55,50,POOR,7,3,2,1,D-10T,100mm x 21,TANK GUN,14,1,1,1945 m,,,30%,10%,10,3s,6s,1,250,ATO-54,x 20,FLAME,,1.68,92,1060 m,,,97%,75%,16,6s,6s,4,140,,,,,,,,,,,,,,,,,,Bad,Bad,No,10,,,,,45 km/h,5 km,960 L,72 km/h,
GAZ-66,15,POOR,<1,<1,<1,<1,,,,,,,,,,,,,,,,,,,,,,,,,,,,,,,,,,,,,,,,,,,,,,,,,,Bad,Bad,Yes,5,,,,,63 km/h,11 km,300L,108 km/h,Very light
GEPARD 1A1,65,POOR,3,2,2,1,Ocrlikon GDF,35mm x 640,ANTI-AIR GUN,,1.2,60,1060 m,2475 m,2825 m,45%,5%,1714,05s,1s,10,200,,,,,,,,,,,,,,,,,,,,,,,,,,,,,,,,,,Mediocre,Bad,No,10,,,,,54 km/h,7 km,500 L,79 km/h,
HEIMATSCHUTZEN,50,GOOD,0,0,0,0,G3A4 x10,"7,62mm x 2000",ASSAULT RIFLE,,1.2,60,885 m,530 m,,39%,10%,200,1s,3s,1,10,MG3,"7,62mm x 1800",MEDIUM MACHINE GUN,,0.28,6,885 m,530m,,70%,5%,1200,1s,1s,1,10,PANZERFAUST 44,66mm HEAT x 6,ANTI-TANK ROCKET LAUNCH.,14,1,1,705 m,,,55%,,10,1s,6s,1,140,11,Normal,Good,No,,,,,,,,,,
SICHERUNGS.,25,POOR,0,0,0,0,G3A4 x11,"7,62mm x 2200",ASSAULT RIFLE,,1.32,66,885 m,530 m,,39%,10%,200,1s,3s,1,10,,,,,,,,,,,,,,,,,,,,,,,,,,,,,,,,,11,Normal,Good,No,,,,,,,,,,
M35 SUPPLY,25,POOR,<1,<1,<1,<1,,,,,,,,,,,,,,,,,,,,,,,,,,,,,,,,,,,,,,,,,,,,,,,,,800,Bad,Bad,,5,,,,,54 km/h,_UENCE: Yes,,108 km/h,
MII13A2 SUPPLY,20,POOR,1,1,1,1,,,,,,,,,,,,,,,,,,,,,,,,,,,,,,,,,,,,,,,,,,,,,,,,,500 |,Bad,Bad,,10,,,,,59 km/h,_UENCE: No,,79 km/h,
HEMTT,80,EXCELLENT,1,1,1,<1,,,,,,,,,,,,,,,,,,,,,,,,,,,,,,,,,,,,,,,,,,,,,,,,,2500 |,Bad,Bad,,10,,,,,90 km/h,_UENCE: Yes,,108 km/h,
IGLA,35,EXCELLENT,0,0,0,0,AK-74,545mm x 200,ASSAULT RIFLE,,0.1,5,885 m,530 m,,30%,14%,200,1s,3s,1,10,9K38 Igla,Infrarcd x 6,SURFACE-TD-AIR MISSILE,,4,160,,2473 m,2473 m,55%,,6,1s,10s,1,40,,,,,,,,,,,,,,,,,2,Normal,Exceptional,No,,,,,,,,,,
ILTIS,15,POOR,<1,<1,<1,<1,,,,,,,,,,,,,,,,,,,,,,,,,,,,,,,,,,,,,,,,,,,,,,,,,,Bad,Bad,Yes,5,,,,,72 km/h,16 km,65L,108 km/h,Very light
KANJPZ,45,POOR,3,2,1,1,BK90/L40,90mm x 51,TANK GUN,13,1.08,59,1945 m,,,39%,,10,3s,6s,1,240,MG3,7.62mm x 2100,MEDIUM MACHINE GUN,,0.28,6,885 m,530m,,52%,30%,1000,08s,3s,7,7,,,,,,,,,,,,,,,,,,Mediocre,Bad,No,10,,,,,63 km/h,7 km,960 L,79 km/h,
JAGUAR 1,160,EXCELLENT,3,2,1,1,HOT-1,SACLOS x 20,GROUND-TO-GROUND MISSILE,22,1,1,2650 m,,,50%,,12,1s,5s,1,220,,,,,,,,,,,,,,,,,,,,,,,,,,,,,,,,,,Mediocre,Bad,No,10,,,,,63 km/h,7 km,350L,79 km/h,
JAGUAR 2,170,EXCELLENT,3,2,1,1,TOW 2,SACLOS x 12,GROUND-TO-GROUND MISSILE,25,1,1,2650 m,,,70%,,12,1s,5s,1,250,,,,,,,,,,,,,,,,,,,,,,,,,,,,,,,,,,Mediocre,Bad,No,10,,,,,63 km/h,7 km,350L,79 km/h,
KPz. T-72,110,MEDIOCRE,11,6,3,2,2A26,125mm x 39,TANK GUN,18,1.5,83,2120 m,,,45%,25%,10,3s,6s,1,300,NSVT,"12,7mm x 350",HEAVY MACHINE GUN,,0.3,15,1415 m,1765 m,,76%,40%,750,1s,2s,5,20,PKT,"7,62mm x 3150",MEDIUM MACHINE GUN,,0.28,6,885 m,530m,,35%,19%,1000,08s,3s,7,7,,Mediocre,Bad,No,10,,,,,54 km/h,8 km,1600 L,79 km/h,
LARS 2,200,POOR,<1,<1,<1,<1,SF2 110mm,1T10mm x 36,ROCKET,-9,0.91,95,35335 m,,,,,14,20s,40 s,36,9000,MG3,7.62mm x 700,MEDIUM MACHINE GUN,,0.28,6,885 m,530m,,52%,30%,1000,08s,3s,7,7,,,,,,,,,,,,,,,,,,Bad,Bad,No,10,,,,,81 km/h,9 km,1000 L,108 km/h,
MARS,400,EXCELLENT,1,<1,<1,<1,. M26,227mm x 12,ROCKET,,3.41,150,42405 m,,,,,13,20s,20s,12,2724,,,,,,,,,,,,,,,,,,,,,,,,,,,,,,,,,,Bad,Bad,No,10,,,,,41 km/h,4 km,1000 L,79 km/h,
LEOPARD 1A1A1,60,POOR,7,3,2,2,L7A3,105mm x 60,TANK GUN,15,1.26,69,2120 m,,,50%,35%,10,3s,6s,1,270,MG3 x2,7.62mm x 5460,MEDIUM MACHINE GUN,,0.28,6,885 m,530m,,52%,30%,1000,08s,3s,7,7,,,,,,,,,,,,,,,,,,Normal,Bad,No,10,,,,,59 km/h,8 km,1000 L,79 km/h,
M125 MORTAR,35,POOR,1,1,1,<1,M29A1,81mm x 110,MORTAR,,1.22,53,4945 m,,,,,17,5s,5s,5,405,M2HB,"12,7mm x 770",HEAVY MACHINE GUN,,0.3,15,1415 m,1765 m,,76%,40%,750,1s,2s,5,20,,,,,,,,,,,,,,,,,,Bad,Bad,No,10,,,,,59 km/h,6 km,360 L,79 km/h,
M106A2 MORTAR,70,EXCELLENT,1,1,1,<1,M30,107mm x 116,MORTAR,,1.61,71,6715 m,,,,,18,5s,5s,5,428,M2HB,"12, 7mm x 525",HEAVY MACHINE GUN,,0.3,15,1415 m,1765 m,,76%,40%,750,1s,2s,5,20,,,,,,,,,,,,,,,,,,Bad,Bad,No,10,,,,,59 km/h,6 km,360 L,79 km/h,
M109A2,160,MEDIOCRE,2,1,1,1,o M185,155mm x 36,HOWITZER,,2.33,102,21200 m,,,,,6,15s,20s,4,620,M2HB,"12,7mm x 210",HEAVY MACHINE GUN,,0.3,15,1415 m,1765 m,,76%,40%,750,1s,2s,5,20,,,,,,,,,,,,,,,,,,Bad,Bad,No,10,,,,,45 km/h,3 km,500 L,72 km/h,
M110A2,180,GOOD,2,1,1,1,#NAME?,203mm x 8,HOWITZER,,3.05,134,24735 m,,,,,3,15s,25s,2,406,,,,,,,,,,,,,,,,,,,,,,,,,,,,,,,,,,Bad,Bad,No,10,,,,,45 km/h,5 km,1000 L,72 km/h,
M109A3GA1,170,GOOD,2,1,1,1,FH-70,155mm x 36,HOWITZER,,2.33,102,24735 m,,,,,6,15s,20s,4,620,MG3,7.62mm x 700,MEDIUM MACHINE GUN,,0.28,6,885 m,530m,,52%,30%,1000,08s,3s,7,7,,,,,,,,,,,,,,,,,,Bad,Bad,No,10,,,,,45 km/h,3 km,500 L,72 km/h,
M110A2,180,GOOD,2,1,1,1,#NAME?,203mm x 8,HOWITZER,,3.05,134,24735 m,,,,,3,15s,25s,2,406,,,,,,,,,,,,,,,,,,,,,,,,,,,,,,,,,,Bad,Bad,No,10,,,,,45 km/h,4 km,800 L,79 km/h,
UNIMOG S404 MUN.,15,POOR,<1,<1,<1,<1,,,,,,,,,,,,,,,,,,,,,,,,,,,,,,,,,,,,,,,,,,,,,,,,,500 |,Bad,Bad,,5,,,,,45 km/h,_UENCE: Yes,,108 km/h,
M113A1 MUN.,20,POOR,1,1,1,1,,,,,,,,,,,,,,,,,,,,,,,,,,,,,,,,,,,,,,,,,,,,,,,,,500 |,Bad,Bad,,10,,,,,59 km/h,_UENCE: No,,79 km/h,
MAN KAT 6x6 MUN.,55,EXCELLENT,1,1,1,<1,,,,,,,,,,,,,,,,,,,,,,,,,,,,,,,,,,,,,,,,,,,,,,,,,1750,Bad,Bad,,10,,,,,90 km/h,_UENCE: Yes,,108 km/h,
M113A3,20,MEDIOCRE,3,3,1,1,M2HB,"12, 7mm x 525",HEAVY MACHINE GUN,,0.3,15,1415 m,1765 m,,76%,40%,750,1s,2s,5,20,,,,,,,,,,,,,,,,,,,,,,,,,,,,,,,,,,Mediocre,Bad,No,10,,,,,59 km/h,6 km,360 L,79 km/h,Very light
M113A3 DRAGON,35,EXCELLENT,3,3,1,1,M2HB,"12, 7mm x 525",HEAVY MACHINE GUN,,0.3,15,1415 m,1765 m,,76%,40%,750,1s,2s,5,20,M47 Dragon Il,SACLOS x 4,GROUND-TO-GROUND MISSILE,16,1,1,1590 m,,,50%,,12,1s,5s,1,160,,,,,,,,,,,,,,,,,,Mediocre,Bad,No,10,,,,,59 km/h,6 km,360 L,79 km/h,Very light
M151,15,POOR,<1,<1,<1,<1,,,,,,,,,,,,,,,,,,,,,,,,,,,,,,,,,,,,,,,,,,,,,,,,,,Bad,Bad,Yes,5,,,,,72 km/h,16 km,65L,108 km/h,Very light
M998 HUMVEE,15,POOR,<1,<1,<1,<1,,,,,,,,,,,,,,,,,,,,,,,,,,,,,,,,,,,,,,,,,,,,,,,,,,Bad,Bad,Yes,10,,,,,72 km/h,16 km,65L,108 km/h,Very light
M3,15,POOR,<1,<1,<1,<1,,,,,,,,,,,,,,,,,,,,,,,,,,,,,,,,,,,,,,,,,,,,,,,,,,Bad,Bad,Yes,5,,,,,54 km/h,9 km,300L,108 km/h,Very light
M163 PIVADS,75,POOR,1,1,1,1,M168 Vulcan,20mm x 1600,GATLING,,0.5,25,1060 m,2825 m,2825 m,45%,5%,1263,05s,2s,10,200,,,,,,,,,,,,,,,,,,,,,,,,,,,,,,,,,,Mediocre,Bad,No,10,,,,,54 km/h,6 km,350L,79 km/h,
M1A1(HA) ABRAMS,305,EXCELLENT,20,8,4,4,M256,120mm x 40,TANK GUN,21,1.44,79,2295 m,,,65%,60%,10,3s,6s,1,340,M2HB,"12,7mm x 980",HEAVY MACHINE GUN,,0.3,15,1415 m,1765 m,,76%,40%,750,1s,2s,5,20,M240 x2,"7,62mm x 10500",MEDIUM MACHINE GUN,,0.28,6,885 m,530m,,44%,6%,1000,08s,3s,7,7,,Normal,Bad,No,10,,,,,59 km/h,5 km,1900 L,79 km/h,
M270 MLRS Cluster,320,GOOD,1,<1,<1,<1,. M26,227mm x 12,ROCKET,-9,1.06,110,42405 m,,,,,11,20s,30s,12,3000,,,,,,,,,,,,,,,,,,,,,,,,,,,,,,,,,,Bad,Bad,No,10,,,,,41 km/h,4 km,1000 L,79 km/h,
M270 MLRS,400,EXCELLENT,1,<1,<1,<1,. M26,227mm x 12,ROCKET,,3.41,150,42405 m,,,,,13,20s,20s,12,2724,,,,,,,,,,,,,,,,,,,,,,,,,,,,,,,,,,Bad,Bad,No,10,,,,,41 km/h,4 km,1000 L,79 km/h,
M2A2 BRADLEY IFV,55,EXCELLENT,3,3,1,1,M242 Bushmaster,25mm x 900,AUTOCANNON,-3,1,17,1765 m,1415 m,,61%,23%,89,05s,4s,10,130,TOW 2,SACLOS x 6,GROUND-TO-GROUND MISSILE,0.25,1,1,2650 m,,,70%,,20,1s,5s,2,500,M240,"7,62mm x 2310",MEDIUM MACHINE GUN,,0.28,6,885 m,530m,,39%,6%,1000,08s,3s,7,7,,Mediocre,Bad,No,10,,,,,59 km/h,6 km,750L,79 km/h,Very light
M48A1 CHAPARRAL,55,POOR,1,1,<1,<1,MIM-72G,Infrarcd x 4,SURFACE-TD-AIR MISSILE,,6,240,,3004 m,2827 m,50%,,9,1s,20s,4,240,,,,,,,,,,,,,,,,,,,,,,,,,,,,,,,,,,Mediocre,Bad,No,10,,,,,54 km/h,5 km,420L,79 km/h,
M48A2CGAI,40,POOR,5,3,1,1,M41,90mm x 64,TANK GUN,13,1.08,59,1945 m,,,39%,5%,10,3s,6s,1,240,M2HB,"12,7mm x 980",HEAVY MACHINE GUN,,0.3,15,1415 m,1765 m,,76%,40%,750,1s,2s,5,20,M240,"7,62mm x 10500",MEDIUM MACHINE GUN,,0.28,6,885 m,530m,,44%,6%,1000,08s,3s,7,7,,Mediocre,Bad,No,10,,,,,45 km/h,4 km,1350 L,79 km/h,
M728 CEV,105,POOR,13,3,2,2,M135,165mm x 30,TANK GUN,,2.47,109,1765 m,,,60%,,10,3s,6s,1,165,M2HB,"12,7mm x 2800",HEAVY MACHINE GUN,,0.3,15,1415 m,1765 m,,76%,40%,750,1s,2s,5,20,M240,"7,62mm x 2030",MEDIUM MACHINE GUN,,0.28,6,885 m,530m,,39%,6%,1000,08s,3s,7,7,,Mediocre,Bad,No,10,,,,,36 km/h,4 km,1500 L,79 km/h,
M901 ITV,120,GOOD,2,2,1,1,I-TOW,SACLOS x 12,GROUND-TO-GROUND MISSILE,20,1,1,2650 m,,,60%,,20,1s,5s,2,400,,,,,,,,,,,,,,,,,,,,,,,,,,,,,,,,,,Mediocre,Bad,No,10,,,,,59 km/h,6 km,360 L,79 km/h,
M90IA3 ITV,170,EXCELLENT,2,2,1,1,TOW 2,SACLOS x 12,GROUND-TO-GROUND MISSILE,25,1,1,2650 m,,,70%,,20,1s,5s,2,500,,,,,,,,,,,,,,,,,,,,,,,,,,,,,,,,,,Mediocre,Bad,No,10,,,,,59 km/h,6 km,360 L,79 km/h,
MARDER 1A2,25,POOR,4,2,1,1,MK 20 Rh 202,20mm x 1250,AUTOCANNON,-2,1,13,1590 m,1590 m,,40%,18%,157,05s,4s,10,110,MG3,7.62mm x 4900,MEDIUM MACHINE GUN,,0.28,6,885 m,530m,,52%,30%,1000,08s,3s,7,7,,,,,,,,,,,,,,,,,,Mediocre,Bad,No,10,,,,,59 km/h,6 km,500 L,79 km/h,Very light
MARDER 1A2 MILAN,35,MEDIOCRE,4,2,1,1,MK 20 Rh 202,20mm x 1250,AUTOCANNON,-2,1,13,1590 m,1590 m,,40%,18%,157,05s,4s,10,110,MILAN,SACLOS x 5,GROUND-TO-GROUND MISSILE,19,1,1,2650 m,,,50%,,12,1s,5s,1,190,MG3,7.62mm x 4900,MEDIUM MACHINE GUN,,0.28,6,885 m,530m,,52%,30%,1000,08s,3s,7,7,,Mediocre,Bad,No,10,,,,,63 km/h,7 km,500 L,79 km/h,Very light
MARDER 1A3,30,EXCELLENT,5,3,2,2,MK 20 Rh 202,20mm x 1250,AUTOCANNON,-2,1,13,1590 m,1590 m,,40%,18%,157,05s,4s,10,110,MG3,7.62mm x 4900,MEDIUM MACHINE GUN,,0.28,6,885 m,530m,,52%,30%,1000,08s,3s,7,7,,,,,,,,,,,,,,,,,,Mediocre,Bad,No,10,,,,,59 km/h,6 km,500 L,79 km/h,Very light
MARDER 1A3 MILAN,40,GOOD,5,3,2,2,MK 20 Rh 202,20mm x 1250,AUTOCANNON,-2,1,13,1590 m,1590 m,,40%,18%,157,05s,4s,10,110,MILAN,SACLOS x 5,GROUND-TO-GROUND MISSILE,19,1,1,2650 m,,,50%,,12,1s,5s,1,190,MG3,7.62mm x 4900,MEDIUM MACHINE GUN,,0.28,6,885 m,530m,,52%,30%,1000,08s,3s,7,7,,Mediocre,Bad,No,10,,,,,59 km/h,6 km,500 L,79 km/h,Very light
MFRW RM-70,260,MEDIOCRE,1,<1,<1,<1,M-210F,122mm x 80,ROCKET,,1.83,81,17670 m,,,,,20,20s,20s,20,2440,,,,,,,,,,,,,,,,,,,,,,,,,,,,,,,,,,Bad,Bad,No,10,,,,,72 km/h,6 km,500 L,108 km/h,
MILITARY POLICE,20,POOR,0,0,0,0,M16A2 x4,5.56mm x 800,ASSAULT RIFLE,,4,20,885 m,530 m,,30%,14%,200,1s,3s,1,10,M60,"7,62mm x 800",MEDIUM MACHINE GUN,,0.28,6,885 m,530m,,60%,5%,300,1s,2s,1,10,,,,,,,,,,,,,,,,,5,Normal,Good,No,,,,,,,,,,
MILITARY POLICE (M67),25,POOR,0,0,0,0,M16A2 x5,"5,56mm x 1000",ASSAULT RIFLE,,0.5,25,885 m,530 m,,30%,14%,200,1s,3s,1,10,M67 RCL,90mm x 8,RECDILLESS RIFLE,13,1.08,59,1415 m,,,35%,,6,15s,9s,1,130,,,,,,,,,,,,,,,,,5,Normal,Good,No,,,,,,,,,,
MT-LB Mun.,20,POOR,1,1,1,1,,,,,,,,,,,,,,,,,,,,,,,,,,,,,,,,,,,,,,,,,,,,,,,,,500 |,Bad,Bad,,10,,,,,54 km/h,_UENCE: No,,79 km/h,
MT-LB SNAB.,20,POOR,1,1,1,1,,,,,,,,,,,,,,,,,,,,,,,,,,,,,,,,,,,,,,,,,,,,,,,,,500 |,Bad,Bad,,10,,,,,54 km/h,_UENCE: No,,79 km/h,
URAL-4320 SNAB.,40,MEDIOCRE,<1,<1,<1,<1,,,,,,,,,,,,,,,,,,,,,,,,,,,,,,,,,,,,,,,,,,,,,,,,,1000 |,Bad,Bad,,5,,,,,63 km/h,_UENCE: Yes,,108 km/h,
MT-LB STRELA-10M,90,MEDIOCRE,1,1,1,1,9M37M,Infrarcd x 8,SURFACE-TD-AIR MISSILE,,5,200,,2650 m,2473 m,50%,40%,9,1s,20s,4,200,,,,,,,,,,,,,,,,,,,,,,,,,,,,,,,,,,Mediocre,Bad,No,10,,,,,54 km/h,5 km,400L,79 km/h,
MTW M113A1G,25,GOOD,1,1,1,1,MG3,7.62mm x 4900,MEDIUM MACHINE GUN,,0.28,6,885 m,530 m,,52%,30%,1000,08s,3s,7,7,,,,,,,,,,,,,,,,,,,,,,,,,,,,,,,,,,Mediocre,Bad,No,10,,,,,59 km/h,6 km,360 L,79 km/h,Very light
Mi-24D [AT],120,POOR,1,1,<1,<1,Yak-B,"12,7mm x 1440",GATLING,1,0.39,9,1235 m,1235 m,,46%,18%,1263,05s,2s,10,10,Falanga-P,SACLOS x 4,GROUND-TO-GROUND MISSILE,17,1,1,2473 m,,,40%,,30,1s,5s,4,680,S-5M,57mm x 64,AIR-TD-GROUND ROCKETS,,0.68,38,2120 m,,,99%,99%,240,,0.25s,64,3648,,Normal,Bad,No,10,,,,,297 km/h,29 km,1200 L,0 km/h,
Mi-24P [AT],155,MEDIOCRE,1,1,<1,<1,GSh-30k,30mm x 250,AUTOCANNON,-2,1,20,1590 m,1765 m,,33%,9%,157,05s,2s,10,110,Kokon,SACLOS x 4,GROUND-TO-GROUND MISSILE,19,1,1,2827 m,,,55%,,30,1s,5s,4,760,S-80FP,80mm x 80,AIR-TD-GROUND ROCKETS,,0.96,53,2120 m,,,100%,99%,240,,0.25s,80,6400,,Normal,Bad,No,10,,,,,297 km/h,29 km,1200 L,0 km/h,
Mi-24V [RKT],130,GOOD,1,1,<1,<1,Yak-B,"12,7mm x 1440",GATLING,1,0.39,9,1235 m,1235 m,,46%,18%,1263,05s,2s,10,10,Kokon,SACLOS x 4,GROUND-TO-GROUND MISSILE,19,1,1,2827 m,,,55%,,30,1s,5s,4,760,S-13,122mm x 20,AIR-TD-GROUND ROCKETS,,1.46,81,2295 m,,,97%,89%,240,,0.25s,10,1220,,Normal,Bad,No,10,,,,,297 km/h,29 km,1200 L,0 km/h,
Mi-24V [AA],170,GOOD,1,1,<1,<1,Yak-B,"12,7mm x 1440",GATLING,1,0.39,9,1235 m,1235 m,,46%,18%,1263,05s,2s,10,10,Igla-Vv,Infrarcd x 4,SURFACE-TD-AIR MISSILE,,4,160,,2650 m,2473 m,60%,60%,21,1s,5s,4,160,S-80FP,80mm x 40,AIR-TD-GROUND ROCKETS,,0.96,53,2120 m,,,99%,99%,240,,0.25s,40,3200,,Normal,Bad,No,10,,,,,297 km/h,29 km,1200 L,0 km/h,
Mi-24V [AT],220,EXCELLENT,1,1,<1,<1,Yak-B,"12,7mm x 1440",GATLING,1,0.39,9,1235 m,1235 m,,46%,18%,1263,05s,2s,10,10,Kokon,SACLOS x 8,GROUND-TO-GROUND MISSILE,19,1,1,2827 m,,,55%,,40,1s,5s,8,1520,S-80FP,80mm x 40,AIR-TD-GROUND ROCKETS,,0.96,53,2120 m,,,99%,99%,240,,0.25s,40,3200,,Normal,Bad,No,10,,,,,297 km/h,29 km,1200 L,0 km/h,
Mi-24VP,300,EXCELLENT,1,1,<1,<1,Gsh-23L,23mm x 450,AUTOCANNON,1,1,15,1060 m,1235 m,,18%,18%,827,05s,4s,10,70,Kokon,SACLOS x 16,GROUND-TO-GROUND MISSILE,19,1,1,2827 m,,,55%,,48,1s,5s,16,3040,S-80FP,80mm x 40,AIR-TD-GROUND ROCKETS,,0.96,53,2120 m,,,99%,99%,240,,0.25s,40,3200,,Normal,Bad,No,10,,,,,297 km/h,29 km,1200 L,0 km/h,
Mi-2T,50,POOR,<1,<1,<1,<1,,,,,,,,,,,,,,,,,,,,,,,,,,,,,,,,,,,,,,,,,,,,,,,,,,Mediocre,Bad,No,10,,,,,198 km/h,24 km,800 L,0 km/h,Very light
Mi-2T,50,POOR,<1,<1,<1,<1,,,,,,,,,,,,,,,,,,,,,,,,,,,,,,,,,,,,,,,,,,,,,,,,,,Mediocre,Bad,No,10,,,,,198 km/h,24 km,800 L,0 km/h,Very light
Mi-8T,110,EXCELLENT,<1,<1,<1,<1,S-5M,57mm x 32,AIR-TD-GROUND ROCKETS,,0.68,38,2120 m,,,99%,99%,240,,0.25s,32,1824,S-5M,57mm x 32,AIR-TD-GROUND ROCKETS,,0.68,38,2120 m,,,99%,99%,240,,0.25s,32,1824,,,,,,,,,,,,,,,,,,Mediocre,Bad,No,10,,,,,225 km/h,47 km,1500 L,0 km/h,Very light
Mi-8MT [RKT 1],90,POOR,<1,<1,<1,<1,S-5M,57mm x 32,AIR-TD-GROUND ROCKETS,,0.68,38,2120 m,,,99%,99%,240,,0.25s,32,1824,S-5M,57mm x 32,AIR-TD-GROUND ROCKETS,,0.68,38,2120 m,,,99%,99%,240,,0.25s,32,1824,S-5M,57mm x 32,AIR-TD-GROUND ROCKETS,,0.68,38,2120 m,,,99%,99%,240,,0.25s,32,1824,,Mediocre,Bad,No,10,,,,,225 km/h,47 km,1500 L,0 km/h,
Mi-8MT [RKT 2],180,GOOD,<1,<1,<1,<1,S-5M,57mm x 64,AIR-TD-GROUND ROCKETS,,0.68,38,2120 m,,,99%,99%,240,,0.25s,64,3648,S-5M,57mm x 64,AIR-TD-GROUND ROCKETS,,0.68,38,2120 m,,,99%,99%,240,,0.25s,64,3648,S-5M,57mm x 64,AIR-TD-GROUND ROCKETS,,0.68,38,2120 m,,,99%,99%,240,,0.25s,64,3648,,Mediocre,Bad,No,10,,,,,225 km/h,47 km,1500 L,0 km/h,
Mi-8MT [RKT 3],100,POOR,<1,<1,<1,<1,S-80FP,80mm x 40,AIR-TD-GROUND ROCKETS,,0.96,53,2120 m,,,99%,99%,240,,0.25s,40,3200,S-80FP,80mm x 40,AIR-TD-GROUND ROCKETS,,0.96,53,2120 m,,,99%,99%,240,,0.25s,40,3200,,,,,,,,,,,,,,,,,,Mediocre,Bad,No,10,,,,,225 km/h,47 km,1500 L,0 km/h,
Mi-8TV [RKT 1],90,POOR,<1,<1,<1,<1,S-5M,57mm x 32,AIR-TD-GROUND ROCKETS,,0.68,38,2120 m,,,99%,99%,240,,0.25s,32,1824,S-5M,57mm x 32,AIR-TD-GROUND ROCKETS,,0.68,38,2120 m,,,99%,99%,240,,0.25s,32,1824,S-5M,57mm x 32,AIR-TD-GROUND ROCKETS,,0.68,38,2120 m,,,99%,99%,240,,0.25s,32,1824,,Mediocre,Bad,No,10,,,,,225 km/h,47 km,1500 L,0 km/h,
Mi-8TV [RKT 2],180,GOOD,<1,<1,<1,<1,S-5M,57mm x 64,AIR-TD-GROUND ROCKETS,,0.68,38,2120 m,,,99%,99%,240,,0.25s,64,3648,S-5M,57mm x 64,AIR-TD-GROUND ROCKETS,,0.68,38,2120 m,,,99%,99%,240,,0.25s,64,3648,S-5M,57mm x 64,AIR-TD-GROUND ROCKETS,,0.68,38,2120 m,,,99%,99%,240,,0.25s,64,3648,,Mediocre,Bad,No,10,,,,,225 km/h,47 km,1500 L,0 km/h,
MiG-21bis TAA],85,POOR,<1,<1,<1,<1,Gsh-23L,23mm x 200,GATLING,1,1,40,2120 m,2825 m,3180 m,25%,25%,558,,05s,20,20,R-60M,Infrared Missiles x 4,AIR-TO-AIR MISSILE,,4,160,,2120 m,3534 m,50%,50%,20,,3s,1,40,,,,,,,,,,,,,,,,,,,,No,10,Good,10%,Good,2,1463 km/h,200,2000 L,,
MiG-21bis [AA2],140,POOR,<1,<1,<1,<1,Gsh-23L,23mm x 200,GATLING,1,1,40,2120 m,2825 m,3180 m,25%,25%,558,,05s,20,20,R-60M,Infrared Missiles x 4,AIR-TO-AIR MISSILE,,4,160,,2120 m,3534 m,50%,50%,20,,3s,1,40,R-13M,Infrarcd x 2,AIR-TO-AIR MISSILE,,5,200,,2120 m,3534 m,40%,40%,20,,3s,1,50,,,,No,10,Good,10%,Good,2,1463 km/h,200,2000 L,,
MiG-21bis THE],60,POOR,<1,<1,<1,<1,Gsh-23L,23mm x 200,GATLING,1,1,40,2120 m,2825 m,3180 m,25%,25%,558,,05s,20,20,FAB 250,250kg x 4,UNGUIDED BOMB,,7.5,330,1765 m,,,75%,75%,184,,1s,4,1000,,,,,,,,,,,,,,,,,,,,No,10,Good,10%,Good,10,1463 km/h,200,2000 L,,
MiG-21bis [RKTI],75,POOR,<1,<1,<1,<1,Gsh-23L,23mm x 200,GATLING,1,1,40,2120 m,2825 m,3180 m,25%,25%,558,,05s,20,20,S-13,122mm x 10,AIR-TD-GROUND ROCKETS,,1.46,81,2295 m,,,97%,89%,240,,0.25s,10,1220,S-5M,57mm x 32,AIR-TD-GROUND ROCKETS,,0.68,38,2120 m,,,99%,99%,240,,0.25s,32,1824,,,,No,10,Good,10%,Good,10,1463 km/h,200,2000 L,,
MiG-23MF [HE],160,GOOD,<1,<1,<1,<1,Gsh-23L,23mm x 200,GATLING,1,1,40,2120 m,2825 m,3180 m,25%,25%,558,,05s,20,20,FAB 500,500kg x 6,UNGUIDED BOMB,,15,660,1765 m,,,88%,88%,240,,1s,6,1500,,,,,,,,,,,,,,,,,,,,No,10,Good,10%,Good,10,1463 km/h,200,2000 L,,
MiG-23MF [AT],180,GOOD,<1,<1,<1,<1,Gsh-23L,23mm x 200,GATLING,1,1,40,2120 m,2825 m,3180 m,25%,25%,558,,05s,20,20,Kh-29D,Infrarcd x 2,AIR-TO-GROUND MISSILE,30,1,1,3357 m,,,50%,50%,60,,1s,1,300,R-60M,Infrared Missiles x 4,AIR-TO-AIR MISSILE,,4,160,,2120 m,3534 m,50%,50%,20,,3s,1,40,,,,No,10,Good,10%,Good,10,1463 km/h,200,2000 L,,
MiG-23ML [AA],120,POOR,<1,<1,<1,<1,Gsh-23L,23mm x 200,GATLING,1,1,40,2120 m,2825 m,3180 m,25%,25%,558,,05s,20,20,R-60M,Infrared Missiles x 6,AIR-TO-AIR MISSILE,,4,160,,2120 m,3534 m,50%,50%,20,,3s,1,40,,,,,,,,,,,,,,,,,,,,No,10,Good,10%,Good,2,1463 km/h,200,2000 L,,
MiG-23MLA [AA],170,MEDIOCRE,<1,<1,<1,<1,Gsh-23L,23mm x 200,GATLING,1,1,40,2120 m,2825 m,3180 m,25%,25%,558,,05s,20,20,R-24R,SARH x 2,AIR-TO-AIR MISSILE,,5,200,,,7774 m,50%,50%,20,,3s,1,50,R-60M,Infrared Missiles x 4,AIR-TO-AIR MISSILE,,4,160,,2120 m,3534 m,50%,50%,20,,3s,1,40,,,,No,10,Good,20%,Good,2,1463 km/h,200,2000 L,,
MiG-27K [SEAD],175,MEDIOCRE,<1,<1,<1,<1,GSh-6-30,30mm x 480,GATLING,,1.18,60,2120 m,2825 m,3180 m,30%,30%,2526,,1s,10,20,Kh-28,antirad x 2,ANTI-RADIATION MISSILE,28,1,1,4594 m,,,50%,50%,30,,2s,1,280,,,,,,,,,,,,,,,,,,,,No,10,Good,50%,Very good,11,1112 km/h,200,2000 L,,
MiG-31M [AA],230,EXCELLENT,<1,<1,<1,<1,R-37,Radar x 4,AIR-TO-AIR MISSILE,,8,320,,,12721 m,40%,40%,20,,3s,1,80,,,,,,,,,,,,,,,,,,,,,,,,,,,,,,,,,,,,No,10,Exceptional,40%,Normal,1,1755 km/h,100,2000 L,,
OH-58C/S,80,EXCELLENT,<1,<1,<1,<1,FIM-92 STINGER,Infrarcd x 4,SURFACE-TD-AIR MISSILE,,5,200,,2297 m,2297 m,50%,50%,12,1s,5s,1,50,,,,,,,,,,,,,,,,,,,,,,,,,,,,,,,,,,Mediocre,Bad,No,5,,,,,198 km/h,21 km,250L,0 km/h,
OTDELENIE PODDERZHKI,30,POOR,0,0,0,0,AK-74 x4,545mm x 800,ASSAULT RIFLE,,4,20,885 m,530 m,,30%,14%,200,1s,3s,1,10,RPG-29,105mm x 20,ANTI-TANK ROCKET LAUNCH.,21,1,1,885 m,,,70%,,10,1s,6s,1,210,,,,,,,,,,,,,,,,,4,Normal,Good,No,,,,,,,,,,
PANZERJAGER,40,MEDIOCRE,0,0,0,0,MPi-AK 74NK x6,545mm x 1200,ASSAULT RIFLE,,0.6,30,885 m,530 m,,30%,14%,200,1s,3s,1,10,RPG-7VR,64mm x 6,ANTI-TANK ROCKET LAUNCH.,20,1,1,530m,,,50%,,10,1s,6s,1,200,RPG-7VR,64mm x 6,ANTI-TANK ROCKET LAUNCH.,20,1,1,530 m,,,50%,,10,1s,6s,1,200,6,Normal,Good,No,,,,,,,,,,
PANZERMORSER,80,EXCELLENT,1,1,1,1,Tampella,120mm x 90,MORTAR,,1.83,81,5300 m,,,,,16,5s,5s,3,366,MG3,7.62mm x 1470,MEDIUM MACHINE GUN,,0.28,6,885 m,530m,,52%,30%,1000,08s,3s,7,7,,,,,,,,,,,,,,,,,,Bad,Bad,No,10,,,,,59 km/h,5 km,300L,79 km/h,
RANGERS,65,EXCELLENT,0,0,0,0,M4 Carbine x4,5.56mm x 800,SUBMACHINE GUN,,4,20,530m,530 m,,60%,39%,600,,1s,1,10,M249 x2,"5,56mm x 1800",LIGHT SUPPORT WEAPON,,0.2,10,885 m,530m,,50%,30%,400,1s,15s,1,10,AT-4,83mm x &,ANTI-TANK ROCKET LAUNCH.,17,1,1,705 m,,,50%,,20,1s,3s,1,170,6,Normal,Good,No,,,,,,,,,,
SPW-40P2 KONKURS,80,MEDIOCRE,1,1,1,1,Konkurs,SACLOS x 10,GROUND-TO-GROUND MISSILE,20,1,1,2650 m,,,45%,,33,1s,5s,5,1000,,,,,,,,,,,,,,,,,,,,,,,,,,,,,,,,,,Mediocre,Bad,No,10,,,,,72 km/h,12 km,300L,108 km/h,
SPW-70,20,MEDIOCRE,2,1,1,1,KPVT,"14,5mm x 490",HEAVY MACHINE GUN,,4,20,1415 m,1765 m,,76%,40%,750,1s,2s,5,20,PKT,"7,62mm x 1050",MEDIUM MACHINE GUN,,0.28,6,885 m,530m,,35%,19%,1000,08s,3s,7,7,,,,,,,,,,,,,,,,,,Mediocre,Bad,Yes,10,,,,,72 km/h,8 km,350L,108 km/h,Very light
STINGER C,40,EXCELLENT,0,0,0,0,M16A2,556mm x 200,ASSAULT RIFLE,,0.1,5,885 m,530 m,,30%,14%,200,1s,3s,1,10,FIM-92 STINGER,Infrarcd x 6,SURFACE-TD-AIR MISSILE,,5,200,,2297 m,2297 m,70%,,3,1s,20s,1,50,,,,,,,,,,,,,,,,,2,Normal,Exceptional,No,,,,,,,,,,
Su-22M-4K,210,EXCELLENT,<1,<1,<1,<1,NR-30,30mm x 160,GATLING,,1.18,60,2120 m,2825 m,3180 m,30%,30%,558,,05s,20,20,Kh-29T,TV x 2,AIR-TO-GROUND MISSILE,30,1,1,3534 m,,,50%,50%,60,,1s,1,300,R-60M,Infrared Missiles x 2,AIR-TO-AIR MISSILE,,4,160,,2120 m,3534 m,50%,50%,20,,3s,1,40,,,,No,10,Normal,30%,Very good,10,1229 km/h,200,2000 L,,
Su-22M-4P,220,GOOD,<1,<1,<1,<1,NR-30,30mm x 160,GATLING,,1.18,60,2120 m,2825 m,3180 m,30%,30%,558,,05s,20,20,Kh-28,antirad x 2,ANTI-RADIATION MISSILE,28,1,1,4594 m,,,50%,50%,30,,2s,1,280,R-60M,Infrared Missiles x 2,AIR-TO-AIR MISSILE,,4,160,,2120 m,3534 m,50%,50%,20,,3s,1,40,,,,No,10,Good,40%,Very good,10,1229 km/h,200,2000 L,,
Su-22M4 [HE],175,GOOD,<1,<1,<1,<1,NR-30,30mm x 160,GATLING,,1.18,60,2120 m,2825 m,3180 m,30%,30%,558,,05s,20,20,FAB 500,500kg x 4,UNGUIDED BOMB,,15,660,1765 m,,,75%,75%,184,,1s,4,1000,R-60M,Infrared Missiles x 2,AIR-TO-AIR MISSILE,,4,160,,2120 m,3534 m,50%,50%,20,,3s,1,40,,,,No,10,Normal,30%,Very good,10,1229 km/h,200,2000 L,,
Su-22M4 [CLU],240,EXCELLENT,<1,<1,<1,<1,NR-30,30mm x 160,GATLING,,1.18,60,2120 m,2825 m,3180 m,30%,30%,558,,05s,20,20,RBK 500,500kg x 4,UNGUIDED BOMB,-9,4.32,450,1765 m,,,75%,75%,184,,1s,4,1000,R-60M,Infrared Missiles x 2,AIR-TO-AIR MISSILE,,4,160,,2120 m,3534 m,50%,50%,20,,3s,1,40,,,,No,10,Normal,30%,Very good,10,1229 km/h,200,2000 L,,
Su-22M4 [NPLM],220,EXCELLENT,<1,<1,<1,<1,NR-30,30mm x 160,GATLING,,1.18,60,2120 m,2825 m,3180 m,30%,30%,558,,05s,20,20,ZB-500,500kg x 4,UNGUIDED BOMB,,12,660,1765 m,,,75%,75%,184,,1s,4,4000,R-60M,Infrared Missiles x 2,AIR-TO-AIR MISSILE,,4,160,,2120 m,3534 m,50%,50%,20,,3s,1,40,,,,No,10,Normal,30%,Very good,10,1229 km/h,200,2000 L,,
Su-24M [HE],205,EXCELLENT,<1,<1,<1,<1,FAB 500,S500kg x 8,UNGUIDED BOMB,,15,660,1765 m,,,94%,94%,282,,1s,8,2000,,,,,,,,,,,,,,,,,,,,,,,,,,,,,,,,,,,,No,10,Normal,20%,Mediocre,10,1287 km/h,200,2000 L,,
Su-24M [CLU],170,GOOD,<1,<1,<1,<1,RBK 250,S500kg x 8,UNGUIDED BOMB,-9,2.16,225,1765 m,,,94%,94%,282,,1s,8,2000,,,,,,,,,,,,,,,,,,,,,,,,,,,,,,,,,,,,No,10,Normal,20%,Mediocre,10,1287 km/h,200,2000 L,,
Su-24M [NPLM],210,EXCELLENT,<1,<1,<1,<1,ZB-500,500kg x 6,UNGUIDED BOMB,,12,660,1765 m,,,88%,88%,240,,1s,6,6000,,,,,,,,,,,,,,,,,,,,,,,,,,,,,,,,,,,,No,10,Normal,20%,Mediocre,10,1287 km/h,200,2000 L,,
Su-25 [RKT],115,POOR,2,1,2,1,GSh-30-2,30mm x 240,GATLING,4,1.18,60,2120 m,2825 m,3180 m,30%,30%,558,,05s,20,40,S-80FP,80mm x 40,AIR-TD-GROUND ROCKETS,,0.96,53,2120 m,,,99%,99%,240,,0.25s,40,3200,S-80FP,80mm x 40,AIR-TD-GROUND ROCKETS,,0.96,53,2120 m,,,99%,99%,240,,0.25s,40,3200,,,,No,10,Normal,10%,Exceptional,12,556 km/h,200,2000 L,,
Su-25 [HE],210,EXCELLENT,2,1,2,1,GSh-30-2,30mm x 240,GATLING,4,1.18,60,2120 m,2825 m,3180 m,30%,30%,558,,05s,20,40,FAB 500,500kg x 6,UNGUIDED BOMB,,15,660,1765 m,,,88%,88%,240,,1s,6,1500,R-60M,Infrared Missiles x 2,AIR-TO-AIR MISSILE,,4,160,,2120 m,3534 m,50%,50%,20,,3s,1,40,,,,No,10,Normal,10%,Exceptional,12,556 km/h,200,2000 L,,
Su-25 [CLU],185,GOOD,2,1,2,1,GSh-30-2,30mm x 240,GATLING,4,1.18,60,2120 m,2825 m,3180 m,30%,30%,558,,05s,20,40,RBK 250,500kg x 6,UNGUIDED BOMB,-9,2.16,225,1765 m,,,88%,88%,240,,1s,6,1500,R-60M,Infrared Missiles x 2,AIR-TO-AIR MISSILE,,4,160,,2120 m,3534 m,50%,50%,20,,3s,1,40,,,,No,10,Normal,10%,Exceptional,12,556 km/h,200,2000 L,,
Su-25 [NPLM],205,EXCELLENT,2,1,2,1,GSh-30-2,30mm x 240,GATLING,4,1.18,60,2120 m,2825 m,3180 m,30%,30%,558,,05s,20,40,ZB-500,500kg x 4,UNGUIDED BOMB,,12,660,1765 m,,,75%,75%,184,,1s,4,4000,R-60M,Infrared Missiles x 2,AIR-TO-AIR MISSILE,,4,160,,2120 m,3534 m,50%,50%,20,,3s,1,40,,,,No,10,Normal,10%,Exceptional,12,556 km/h,200,2000 L,,
Su-25 [AT],160,MEDIOCRE,2,1,2,1,GSh-30-2,30mm x 240,GATLING,4,1.18,60,2120 m,2825 m,3180 m,30%,30%,558,,05s,20,40,Kh-29D,Infrarcd x 2,AIR-TO-GROUND MISSILE,30,1,1,3357 m,,,50%,50%,60,,1s,1,300,R-60M,Infrared Missiles x 2,AIR-TO-AIR MISSILE,,4,160,,2120 m,3534 m,50%,50%,20,,3s,1,40,,,,No,10,Normal,10%,Exceptional,12,556 km/h,200,2000 L,,
T-64BV,240,EXCELLENT,17,8,4,3,2A46M,125mm x 30,TANK GUN,18,1.5,83,2295 m,,,55%,45%,10,3s,6s,1,310,Agona,SACLOS x 6,GROUND-TO-GROUND MISSILE,21,1,1,2650 m,,,55%,,12,1s,5s,1,210,NSVT,"12,7mm x 315",HEAVY MACHINE GUN,,0.3,15,1415 m,1765 m,,76%,40%,750,1s,2s,5,20,,Normal,Bad,No,10,,,,,59 km/h,9 km,2040 L,79 km/h,
T813 MUN.,55,GOOD,1,<1,<1,<1,,,,,,,,,,,,,,,,,,,,,,,,,,,,,,,,,,,,,,,,,,,,,,,,,1750,Bad,Bad,,10,,,,,81 km/h,_UENCE: Yes,,108 km/h,
TORNADO IDS [CLU],195,GOOD,<1,<1,<1,<1,Mauser BK-27,27mm x 160,GATLING,,1.18,60,2120 m,2825 m,3180 m,50%,40%,558,,05s,20,20,MK-20 Rockeye Il,227kg x 5,UNGUIDED BOMB,-9,2.16,225,1765 m,,,83%,83%,214,,1s,5,1250,AIM-9L,Infrarcd x 2,AIR-TO-AIR MISSILE,,4,160,,2120 m,3887 m,50%,50%,20,,3s,1,40,,,,No,10,Exceptional,30%,Good,10,1463 km/h,200,2000 L,,
TORNADO IDS [HE],175,GOOD,<1,<1,<1,<1,Mauser BK-27,27mm x 160,GATLING,,1.18,60,2120 m,2825 m,3180 m,50%,40%,558,,05s,20,20,Mk 83,450kg x 3,UNGUIDED BOMB,,13.5,594,1765 m,,,65%,65%,149,,1s,3,750,AIM-9L,Infrarcd x 2,AIR-TO-AIR MISSILE,,4,160,,2120 m,3887 m,50%,50%,20,,3s,1,40,,,,No,10,Exceptional,30%,Good,10,1463 km/h,200,2000 L,,
TORNADO 1DS [MW1],175,GOOD,<1,<1,<1,<1,Mauser BK-27,27mm x 160,GATLING,,1.18,60,2120 m,2825 m,3180 m,50%,40%,558,,05s,20,20,MW-1 KB44,Bomblets x 4704,UNGUIDED BOMB,,1.92,200,17670 m,,,10%,10%,91045,,2s,12,3000,AIM-9L,Infrarcd x 2,AIR-TO-AIR MISSILE,,4,160,,2120 m,3887 m,50%,50%,20,,3s,1,40,,,,No,10,Exceptional,30%,Mediocre,10,1463 km/h,200,2000 L,,
TPz FUCHS,20,POOR,1,1,1,1,MG3,7.62mm x 1050,MEDIUM MACHINE GUN,,0.28,6,885 m,530 m,,52%,30%,1000,08s,3s,7,7,,,,,,,,,,,,,,,,,,,,,,,,,,,,,,,,,,Mediocre,Bad,Yes,10,,,,,90 km/h,16 km,500 L,108 km/h,Very light
TPz FUCHS MILAN,25,GOOD,1,1,1,1,MG3,7.62mm x 1050,MEDIUM MACHINE GUN,,0.28,6,885 m,530 m,,52%,30%,1000,08s,3s,7,7,MILAN,SACLOS x 5,GROUND-TO-GROUND MISSILE,19,1,1,2650 m,,,50%,,12,1s,5s,1,190,,,,,,,,,,,,,,,,,,Mediocre,Bad,No,10,,,,,90 km/h,16 km,300L,108 km/h,Very light
UAZ-3151,15,POOR,<1,<1,<1,<1,,,,,,,,,,,,,,,,,,,,,,,,,,,,,,,,,,,,,,,,,,,,,,,,,,Bad,Bad,Yes,5,,,,,63 km/h,10 km,80L,108 km/h,Very light
UAZ-3151 AGS-17,20,POOR,<1,<1,<1,<1,AGS-17,30mm x 270,GRENADE LAUNCHER,,0.48,26,1415 m,,,14%,"4%,",195,3s,3s,5,200,,,,,,,,,,,,,,,,,,,,,,,,,,,,,,,,,,Normal,Bad,No,5,,,,,63 km/h,10 km,80L,108 km/h,
UAZ-469,15,POOR,<1,<1,<1,<1,,,,,,,,,,,,,,,,,,,,,,,,,,,,,,,,,,,,,,,,,,,,,,,,,,Bad,Bad,Yes,5,,,,,63 km/h,10 km,80L,108 km/h,Very light
UAZ-469 SPG9,30,EXCELLENT,<1,<1,<1,<1,SPG-9,73mm x 15,TANK GUN,14,1,48,1590 m,,,35%,5%,10,15s,6s,1,140,,,,,,,,,,,,,,,,,,,,,,,,,,,,,,,,,,Normal,Bad,No,5,,,,,63 km/h,10 km,80L,108 km/h,
UH-1D,60,POOR,<1,<1,<1,<1,MG3,7.62mm x 700,MEDIUM MACHINE GUN,,0.28,6,885 m,530 m,,52%,30%,1000,08s,3s,7,7,,,,,,,,,,,,,,,,,,,,,,,,,,,,,,,,,,Mediocre,Bad,No,10,,,,,198 km/h,13 km,800 L,0 km/h,Very light
UH-60A BLACKHAWK,75,MEDIOCRE,<1,<1,<1,<1,M240 D,"7,62mm x 1050",MEDIUM MACHINE GUN,,0.28,6,885 m,530 m,,39%,6%,1000,08s,3s,7,7,M240 D,"7,62mm x 1050",MEDIUM MACHINE GUN,,0.28,6,885 m,530m,,39%,6%,1000,08s,3s,7,7,,,,,,,,,,,,,,,,,,Mediocre,Bad,No,10,,,,,270 km/h,35 km,1000 L,0 km/h,Very light
UH-60A SUPPLY,105,GOOD,<1,<1,<1,<1,,,,,,,,,,,,,,,,,,,,,,,,,,,,,,,,,,,,,,,,,,,,,,,,,1500 |,Bad,Bad,,10,,,,,248 km/h,_UENCE: No,,0 km/h,
UNIMOG S404,15,POOR,<1,<1,<1,<1,,,,,,,,,,,,,,,,,,,,,,,,,,,,,,,,,,,,,,,,,,,,,,,,,,Normal,Bad,Yes,5,,,,,45 km/h,8 km,300L,108 km/h,Very light
W50 LA/A,15,POOR,<1,<1,<1,<1,,,,,,,,,,,,,,,,,,,,,,,,,,,,,,,,,,,,,,,,,,,,,,,,,,Bad,Bad,Yes,5,,,,,45 km/h,8 km,300L,108 km/h,Very light
ZSU-23-4 SHILKA,50,POOR,1,1,1,1,AZP-23,23mm x 2000,ANTI-AIR GUN,,1.6,80,1060 m,2475 m,2650 m,30%,20%,1999,05s,04s,5,100,,,,,,,,,,,,,,,,,,,,,,,,,,,,,,,,,,Mediocre,Bad,No,10,,,,,45 km/h,4 km,500 L,79 km/h,
